FirstName,LastName,Email
Jermain,Meneur,jmeneur0@nymag.com
Reina,Sturge,rsturge1@google.com.br
Domeniga,MacCaughey,dmaccaughey2@hugedomains.com
Mareah,Gass,mgass3@census.gov
Darby,Derill,dderill4@hud.gov
Catlaina,Baudet,cbaudet5@reverbnation.com
Emeline,Pagnin,epagnin6@cnn.com
Patten,Mouton,pmouton7@ovh.net
Abby,Macura,amacura8@wsj.com
Constanta,Biddiss,cbiddiss9@ibm.com
Cami,Landes,clandesa@dmoz.org
Sergent,Hayles,shaylesb@facebook.com
Fowler,Trickey,ftrickeyc@cnbc.com
Batsheva,Masurel,bmasureld@seattletimes.com
Ariella,Gooms,agoomse@ucoz.com
Alidia,Tinn,atinnf@washington.edu
Renault,Piolli,rpiollig@shop-pro.jp
Concettina,Benjafield,cbenjafieldh@cloudflare.com
Marni,Binner,mbinneri@google.es
Grazia,Sclater,gsclaterj@zdnet.com
Cicely,Bernon,cbernonk@nsw.gov.au
Ewart,Conkay,econkayl@typepad.com
Leigh,Garratt,lgarrattm@eepurl.com
Hester,Chastenet,hchastenetn@bluehost.com
Chase,Plastow,cplastowo@jiathis.com
Darcey,Danovich,ddanovichp@sina.com.cn
Almira,Greenlies,agreenliesq@wunderground.com
Chip,Balharrie,cbalharrier@scientificamerican.com
Sindee,Heffron,sheffrons@bloomberg.com
Francis,Corbishley,fcorbishleyt@cam.ac.uk
Luce,Ritter,lritteru@amazon.de
Saudra,O' Flaherty,soflahertyv@creativecommons.org
Colin,Willmot,cwillmotw@sphinn.com
Mead,Dundin,mdundinx@t-online.de
Emmalynne,Dall,edally@joomla.org
Arther,Raoult,araoultz@walmart.com
Barbabra,Swindley,bswindley10@tripadvisor.com
Jenni,Kirke,jkirke11@adobe.com
Hilly,Kinge,hkinge12@reddit.com
Burlie,Cathel,bcathel13@xrea.com
Abbott,Zimmermeister,azimmermeister14@cisco.com
Elnar,Dalling,edalling15@meetup.com
Drusi,Schreurs,dschreurs16@wordpress.com
Shaun,Meller,smeller17@mtv.com
Marney,Nayshe,mnayshe18@va.gov
Fredrick,Bachelar,fbachelar19@plala.or.jp
Ulrikaumeko,Tooher,utooher1a@w3.org
Sue,Corro,scorro1b@usatoday.com
Emelda,Ritson,eritson1c@e-recht24.de
Karmen,Ferrettini,kferrettini1d@unicef.org
Lenee,Beviss,lbeviss1e@wikipedia.org
Mirilla,Honisch,mhonisch1f@cpanel.net
Gretna,Kibard,gkibard1g@wunderground.com
Aile,Doubrava,adoubrava1h@t-online.de
Sharia,Jahn,sjahn1i@blogger.com
Orlan,Wheatman,owheatman1j@nydailynews.com
Jarid,Padell,jpadell1k@liveinternet.ru
Derward,Castro,dcastro1l@1und1.de
Walt,Hatchette,whatchette1m@topsy.com
Ibby,Alvarez,ialvarez1n@nasa.gov
Carley,Westell,cwestell1o@sciencedirect.com
Druci,Wroath,dwroath1p@webmd.com
Sue,Chatenet,schatenet1q@mapy.cz
Daile,Etock,detock1r@phpbb.com
Rad,Hamprecht,rhamprecht1s@virginia.edu
Gusta,Duferie,gduferie1t@people.com.cn
Dannie,Shiliton,dshiliton1u@opera.com
Tuckie,Sambedge,tsambedge1v@cargocollective.com
Tilda,Sedgeman,tsedgeman1w@bandcamp.com
Edouard,Perin,eperin1x@list-manage.com
Henrik,Whewill,hwhewill1y@cnbc.com
Osmond,Zold,ozold1z@lycos.com
Linea,Peckett,lpeckett20@ifeng.com
Tess,Fellini,tfellini21@princeton.edu
Brear,Scrimgeour,bscrimgeour22@nature.com
Julienne,Birley,jbirley23@census.gov
Danyette,Kigelman,dkigelman24@guardian.co.uk
Margalit,Gaspero,mgaspero25@indiegogo.com
Mitchael,Gloves,mgloves26@mit.edu
Darci,Flemmich,dflemmich27@yelp.com
Rosalynd,Awty,rawty28@youtube.com
Joanie,Curnok,jcurnok29@slate.com
Myrta,Soughton,msoughton2a@newsvine.com
Steffie,Strute,sstrute2b@devhub.com
Lem,Capstack,lcapstack2c@wix.com
Wallie,Scholar,wscholar2d@angelfire.com
Jock,Howlin,jhowlin2e@amazon.com
Blake,Patinkin,bpatinkin2f@amazon.com
Marjory,Rhodef,mrhodef2g@ameblo.jp
Basilius,Whiffin,bwhiffin2h@etsy.com
Gabey,Markos,gmarkos2i@nasa.gov
Noelani,Chasson,nchasson2j@chron.com
Godard,Axel,gaxel2k@cornell.edu
Persis,Regina,pregina2l@typepad.com
Garner,Phelan,gphelan2m@1und1.de
Yolane,Culy,yculy2n@people.com.cn
Edwin,Limprecht,elimprecht2o@friendfeed.com
Aloise,Dict,adict2p@howstuffworks.com
Norman,Older,nolder2q@whitehouse.gov
Jeffy,Sanham,jsanham2r@usda.gov
Felicdad,Chesshyre,fchesshyre2s@va.gov
Bethany,Robbel,brobbel2t@so-net.ne.jp
Livvyy,Daverin,ldaverin2u@miibeian.gov.cn
Boote,McGunley,bmcgunley2v@theguardian.com
Doloritas,Tullis,dtullis2w@nasa.gov
Jaymee,Pachmann,jpachmann2x@smh.com.au
Pattie,Eakins,peakins2y@ask.com
Starr,McKeran,smckeran2z@ifeng.com
Dehlia,Francke,dfrancke30@bandcamp.com
Ernaline,Lutton,elutton31@ustream.tv
Della,Butcher,dbutcher32@prweb.com
Bryana,Muggleton,bmuggleton33@icq.com
Taite,Luty,tluty34@imdb.com
Jeralee,Hallford,jhallford35@icq.com
Aldin,Neller,aneller36@scientificamerican.com
Paxton,Moline,pmoline37@ucoz.ru
Jdavie,Jurges,jjurges38@domainmarket.com
Grete,Dofty,gdofty39@japanpost.jp
Ora,Binion,obinion3a@ning.com
Savina,Perri,sperri3b@imdb.com
Broddy,Croydon,bcroydon3c@guardian.co.uk
Pippo,Painswick,ppainswick3d@deliciousdays.com
Renata,Dillingham,rdillingham3e@blogs.com
Jammal,Thaine,jthaine3f@spiegel.de
Quillan,Collinwood,qcollinwood3g@harvard.edu
Norean,Arnley,narnley3h@mediafire.com
Skelly,Gilvear,sgilvear3i@merriam-webster.com
Aveline,Recher,arecher3j@purevolume.com
Husain,Whyte,hwhyte3k@jimdo.com
Nathaniel,Newbury,nnewbury3l@geocities.jp
Pearline,Carreyette,pcarreyette3m@unc.edu
Shaina,Leser,sleser3n@soundcloud.com
Shane,Dearnly,sdearnly3o@photobucket.com
Catlaina,Kippins,ckippins3p@hc360.com
Isabella,Trusse,itrusse3q@1und1.de
Odelia,Cumberbatch,ocumberbatch3r@ed.gov
Amil,Garard,agarard3s@chicagotribune.com
Trevar,Greggs,tgreggs3t@pbs.org
Gilbert,Decort,gdecort3u@opensource.org
Valli,Nacey,vnacey3v@cbslocal.com
Chrysler,Airth,cairth3w@topsy.com
Clemmie,O'Canavan,cocanavan3x@multiply.com
Jenifer,Kindon,jkindon3y@kickstarter.com
Tobias,Petrovsky,tpetrovsky3z@tuttocitta.it
Eudora,Dadge,edadge40@cdc.gov
Tobye,Maguire,tmaguire41@rediff.com
Glenn,Rojahn,grojahn42@1688.com
Laraine,Headech,lheadech43@slashdot.org
Shannon,Von Salzberg,svonsalzberg44@forbes.com
Brendon,Bridgett,bbridgett45@ed.gov
Kayley,Rasp,krasp46@tiny.cc
Cary,Rawcliffe,crawcliffe47@abc.net.au
Jeanna,McEttigen,jmcettigen48@ucsd.edu
Gabriell,Buckley,gbuckley49@biglobe.ne.jp
Arlie,Marciskewski,amarciskewski4a@devhub.com
Artemis,Phillins,aphillins4b@google.es
Walliw,Killingbeck,wkillingbeck4c@parallels.com
Audy,Di Angelo,adiangelo4d@imgur.com
Grantham,Hankinson,ghankinson4e@qq.com
Horatio,Ingerson,hingerson4f@ow.ly
Dmitri,Morais,dmorais4g@nydailynews.com
Manny,Foresight,mforesight4h@comsenz.com
Patrice,Winskill,pwinskill4i@gov.uk
Malynda,Redhole,mredhole4j@uiuc.edu
Ninnette,Tuther,ntuther4k@usatoday.com
Mala,Geake,mgeake4l@upenn.edu
Appolonia,Skouling,askouling4m@nsw.gov.au
Elaina,Stolworthy,estolworthy4n@plala.or.jp
Kata,Fenemore,kfenemore4o@bloomberg.com
Any,Steuhlmeyer,asteuhlmeyer4p@networksolutions.com
Lizbeth,McDugal,lmcdugal4q@mozilla.org
Lance,Warsop,lwarsop4r@harvard.edu
Tiphanie,De Marchi,tdemarchi4s@meetup.com
Lancelot,Mariault,lmariault4t@arstechnica.com
Blythe,Rosensaft,brosensaft4u@reverbnation.com
Isa,Habbin,ihabbin4v@hostgator.com
Katusha,Excell,kexcell4w@e-recht24.de
Maddie,Klimp,mklimp4x@baidu.com
Isa,Bounde,ibounde4y@hp.com
Alfonso,Seddon,aseddon4z@ft.com
Harmon,Stenyng,hstenyng50@archive.org
Alfred,Westmacott,awestmacott51@yandex.ru
Geoffrey,Tynnan,gtynnan52@paginegialle.it
Anitra,Hargerie,ahargerie53@opensource.org
Shaina,Jakubovitch,sjakubovitch54@purevolume.com
Chadwick,Conti,cconti55@nsw.gov.au
Pauli,Niche,pniche56@si.edu
Winnie,Yurmanovev,wyurmanovev57@usda.gov
Germana,Fargie,gfargie58@wiley.com
Lotty,Lyddiard,llyddiard59@nytimes.com
Conway,Geggus,cgeggus5a@yale.edu
Gran,Barnsdale,gbarnsdale5b@is.gd
Priscilla,Raspin,praspin5c@vimeo.com
Jackquelin,Bucknill,jbucknill5d@infoseek.co.jp
Latrena,Devo,ldevo5e@hp.com
Melinda,Dosedale,mdosedale5f@adobe.com
Reamonn,Driscoll,rdriscoll5g@spotify.com
Peder,Conklin,pconklin5h@boston.com
Sharity,Bunny,sbunny5i@kickstarter.com
Maddalena,Myatt,mmyatt5j@loc.gov
Philomena,Andreone,pandreone5k@yandex.ru
Emmy,Kirkwood,ekirkwood5l@cbslocal.com
Yehudit,Gledstane,ygledstane5m@harvard.edu
Amber,Pottinger,apottinger5n@clickbank.net
Elspeth,Murrison,emurrison5o@deviantart.com
Louise,Najera,lnajera5p@wikimedia.org
Catherina,O'Sherin,cosherin5q@deviantart.com
Sibilla,Steers,ssteers5r@bloomberg.com
Marjy,Clarage,mclarage5s@japanpost.jp
Effie,Ledgley,eledgley5t@shareasale.com
Osbourn,Stanbro,ostanbro5u@latimes.com
Maximo,Bonhomme,mbonhomme5v@oaic.gov.au
Agace,Murrey,amurrey5w@who.int
Hubie,Gilbertson,hgilbertson5x@nifty.com
Todd,McVittie,tmcvittie5y@amazon.co.jp
Magdalene,MacAiline,mmacailine5z@phoca.cz
Isidro,Andreichik,iandreichik60@twitpic.com
Lazarus,Hudd,lhudd61@mail.ru
Etan,Fawson,efawson62@go.com
Rani,O'Sherrin,rosherrin63@facebook.com
Sasha,Tregona,stregona64@google.co.jp
Cordula,Tomet,ctomet65@springer.com
Syman,Mapp,smapp66@wufoo.com
Evita,Madle,emadle67@usnews.com
Arri,Eller,aeller68@uol.com.br
Demetra,Buckles,dbuckles69@imageshack.us
Elbert,Skillitt,eskillitt6a@woothemes.com
Marylou,Jasper,mjasper6b@phpbb.com
Alyson,Goodsir,agoodsir6c@amazon.co.uk
Alyss,Coffey,acoffey6d@is.gd
Averil,Spellard,aspellard6e@state.gov
Pandora,Ailmer,pailmer6f@macromedia.com
Roxi,Janse,rjanse6g@mtv.com
Tracey,Kinnaird,tkinnaird6h@rediff.com
Koenraad,Mazillius,kmazillius6i@nsw.gov.au
Ashley,Dellenbach,adellenbach6j@lulu.com
Dietrich,Pask,dpask6k@liveinternet.ru
Kalil,Sutherel,ksutherel6l@microsoft.com
Horatius,Cumberlidge,hcumberlidge6m@ameblo.jp
Odie,Huggens,ohuggens6n@imgur.com
Vito,Hammerman,vhammerman6o@cornell.edu
Pietrek,McCumesky,pmccumesky6p@php.net
Alameda,Perkinson,aperkinson6q@tamu.edu
Dante,Lusher,dlusher6r@purevolume.com
Oren,Avent,oavent6s@vimeo.com
Jeth,Southall,jsouthall6t@gov.uk
Reeta,Norsister,rnorsister6u@narod.ru
Ricardo,Piletic,rpiletic6v@ning.com
Martina,Lysaght,mlysaght6w@berkeley.edu
Freeman,Ammer,fammer6x@barnesandnoble.com
Lesly,Syseland,lsyseland6y@fastcompany.com
Faber,Hakking,fhakking6z@state.tx.us
Franciska,Messitt,fmessitt70@pen.io
Moses,O'Leary,moleary71@wikipedia.org
Gratiana,Rudloff,grudloff72@bloglovin.com
Mohandas,Gosnold,mgosnold73@biglobe.ne.jp
Perri,Grutchfield,pgrutchfield74@printfriendly.com
Rosanna,Woolstenholmes,rwoolstenholmes75@etsy.com
Cully,Boddymead,cboddymead76@wikia.com
Emma,McElmurray,emcelmurray77@last.fm
Major,McPhelimey,mmcphelimey78@ed.gov
Keven,Hulstrom,khulstrom79@huffingtonpost.com
Dorene,Martinello,dmartinello7a@jimdo.com
Patsy,Measham,pmeasham7b@imdb.com
Andreana,Burrells,aburrells7c@ihg.com
Myriam,Greenly,mgreenly7d@dyndns.org
Benedetta,Weller,bweller7e@photobucket.com
Graehme,Dell Casa,gdellcasa7f@sciencedirect.com
Lucias,Romain,lromain7g@github.io
Lancelot,Clousley,lclousley7h@google.ru
Delila,Verling,dverling7i@t.co
Georgeanna,Emanuel,gemanuel7j@whitehouse.gov
Farris,Cooksley,fcooksley7k@who.int
Darby,Vassie,dvassie7l@elegantthemes.com
Georgina,Lukasik,glukasik7m@dmoz.org
Belle,Halegarth,bhalegarth7n@accuweather.com
Cherie,Papen,cpapen7o@360.cn
Mariana,Shuard,mshuard7p@goo.ne.jp
Devondra,Copcote,dcopcote7q@qq.com
Karissa,Tosney,ktosney7r@reference.com
Margaux,Heliar,mheliar7s@house.gov
Joly,Medina,jmedina7t@sogou.com
Lindsay,Dreng,ldreng7u@pbs.org
Cesare,Espinet,cespinet7v@i2i.jp
Dorette,Lytle,dlytle7w@theatlantic.com
Nero,Taffee,ntaffee7x@elpais.com
Lexis,Ughi,lughi7y@wordpress.com
Jackie,Borman,jborman7z@smugmug.com
Frazier,Husk,fhusk80@yahoo.com
Lydia,O'Tuohy,lotuohy81@prnewswire.com
Delila,Lergan,dlergan82@ucoz.ru
Ibbie,Caw,icaw83@earthlink.net
Nikita,Schlagh,nschlagh84@soup.io
Flossi,Kik,fkik85@wired.com
Rodolph,Marten,rmarten86@deviantart.com
Davey,Scullion,dscullion87@friendfeed.com
Lebbie,Crowson,lcrowson88@de.vu
Maddalena,Castilljo,mcastilljo89@desdev.cn
Heall,Aldersey,haldersey8a@stanford.edu
Sandy,Dundin,sdundin8b@youtu.be
Dominik,Knifton,dknifton8c@dailymotion.com
Leia,Tanman,ltanman8d@berkeley.edu
Sarina,McCrohon,smccrohon8e@smh.com.au
Marney,Lightwing,mlightwing8f@cornell.edu
Leodora,Sacker,lsacker8g@cdbaby.com
Kristan,Somerlie,ksomerlie8h@wp.com
Randie,Lanfranconi,rlanfranconi8i@hc360.com
Odele,Toby,otoby8j@adobe.com
Aleksandr,Kempe,akempe8k@kickstarter.com
Heidie,Elcome,helcome8l@virginia.edu
Inesita,MacCorkell,imaccorkell8m@eventbrite.com
Byran,Esland,besland8n@hao123.com
Cash,Klossek,cklossek8o@macromedia.com
Ella,Luipold,eluipold8p@edublogs.org
Pier,Treslove,ptreslove8q@woothemes.com
Crichton,Handley,chandley8r@examiner.com
Monique,Elbourne,melbourne8s@imgur.com
Fidel,Eichmann,feichmann8t@51.la
Aretha,Gemlett,agemlett8u@shop-pro.jp
Darcey,Brando,dbrando8v@usda.gov
Chancey,Le Sarr,clesarr8w@furl.net
Gar,Medgewick,gmedgewick8x@upenn.edu
Madeleine,Roe,mroe8y@chicagotribune.com
Sibyl,Willeson,swilleson8z@bloglovin.com
Heddie,Heugle,hheugle90@mapy.cz
Mateo,Paulusch,mpaulusch91@bravesites.com
Griswold,Bitterton,gbitterton92@alexa.com
Cleveland,Stanion,cstanion93@shareasale.com
Loy,Ferencz,lferencz94@trellian.com
Drud,O'Downe,dodowne95@webeden.co.uk
Evelin,Benini,ebenini96@bluehost.com
Westbrook,Travis,wtravis97@forbes.com
Aldus,Brockest,abrockest98@mapquest.com
Rod,Andryszczak,randryszczak99@netvibes.com
Melvin,Cranidge,mcranidge9a@cdbaby.com
Lynnell,Klain,lklain9b@nydailynews.com
Noelle,Howard - Gater,nhowardgater9c@independent.co.uk
Sylas,Dominelli,sdominelli9d@harvard.edu
Torin,Wretham,twretham9e@unesco.org
Brigid,McCaughey,bmccaughey9f@slate.com
Salomon,Bolt,sbolt9g@printfriendly.com
Arlie,Winspire,awinspire9h@cornell.edu
Claudio,Mayo,cmayo9i@techcrunch.com
Alfons,Pelz,apelz9j@jugem.jp
Clea,Fibbit,cfibbit9k@de.vu
Josephina,Clemmitt,jclemmitt9l@mtv.com
Alexandrina,Mabson,amabson9m@nba.com
Monroe,De la Yglesia,mdelayglesia9n@uol.com.br
Claudian,Doghartie,cdoghartie9o@about.com
Annabelle,Burch,aburch9p@blogspot.com
Jarred,Gerring,jgerring9q@livejournal.com
Milty,Crottagh,mcrottagh9r@wikia.com
Chariot,Agutter,cagutter9s@ibm.com
Grayce,Axleby,gaxleby9t@eventbrite.com
Alecia,Jonsson,ajonsson9u@exblog.jp
Jasun,Bushell,jbushell9v@networksolutions.com
Sidney,Perone,sperone9w@cbc.ca
Natalee,Baines,nbaines9x@ucla.edu
Amelina,Pourveer,apourveer9y@nba.com
Newton,Goodwins,ngoodwins9z@twitter.com
Cad,Gorner,cgornera0@oracle.com
Gwendolyn,Bauduin,gbauduina1@csmonitor.com
Gretna,Bloomer,gbloomera2@histats.com
Galven,Collcutt,gcollcutta3@facebook.com
Ettie,Brugh,ebrugha4@alexa.com
Dyna,Slot,dslota5@slashdot.org
Clarke,Hurndall,churndalla6@123-reg.co.uk
Helaina,Warde,hwardea7@microsoft.com
Evvie,Spinella,espinellaa8@cnn.com
Norine,Dosdale,ndosdalea9@shutterfly.com
Guendolen,Stennes,gstennesaa@adobe.com
Lucila,Botting,lbottingab@deviantart.com
Christophe,Andrusov,candrusovac@telegraph.co.uk
Adolph,Chinn,achinnad@themeforest.net
Randa,Greenslade,rgreensladeae@marriott.com
Rodi,Corradetti,rcorradettiaf@shutterfly.com
Shepherd,Donald,sdonaldag@sourceforge.net
Lilith,Schimonek,lschimonekah@shutterfly.com
Tarrah,Hardwell,thardwellai@issuu.com
Genevieve,Poznanski,gpoznanskiaj@seesaa.net
Valina,Fryer,vfryerak@cnet.com
Paulie,Hodgen,phodgenal@tiny.cc
Trixie,Lorenzini,tlorenziniam@cpanel.net
Sabra,Naisbit,snaisbitan@wordpress.com
Perice,Lindenberg,plindenbergao@mapquest.com
Kennett,Gresch,kgreschap@yahoo.co.jp
Alvira,Skeemer,askeemeraq@seesaa.net
Grover,Rookes,grookesar@desdev.cn
North,Touson,ntousonas@patch.com
Pier,Jorden,pjordenat@ca.gov
Lazarus,Langridge,llangridgeau@e-recht24.de
Akim,Desbrow,adesbrowav@unesco.org
Liz,Sherringham,lsherringhamaw@washingtonpost.com
Allina,Luttger,aluttgerax@hc360.com
Christoffer,Simecek,csimecekay@ibm.com
Mischa,Haslum,mhaslumaz@marriott.com
Mata,Troni,mtronib0@mail.ru
Sarita,Meatcher,smeatcherb1@cdbaby.com
Olva,O'Sharkey,oosharkeyb2@imgur.com
Miriam,Wiltshear,mwiltshearb3@ask.com
Locke,Maber,lmaberb4@pinterest.com
Mandel,Abercromby,mabercrombyb5@zdnet.com
Gilles,Tal,gtalb6@dropbox.com
Artie,Warlton,awarltonb7@alibaba.com
Una,Simchenko,usimchenkob8@globo.com
Byram,Huffer,bhufferb9@fda.gov
Rodger,Yakovitch,ryakovitchba@tamu.edu
Melissa,Hardwich,mhardwichbb@istockphoto.com
Heindrick,Duckit,hduckitbc@yellowbook.com
Louise,Todhunter,ltodhunterbd@networksolutions.com
Querida,Toffaloni,qtoffalonibe@kickstarter.com
Dara,McAlister,dmcalisterbf@facebook.com
Redd,Vigar,rvigarbg@mapquest.com
Hieronymus,Speachley,hspeachleybh@mail.ru
Sadie,Halkyard,shalkyardbi@etsy.com
Netta,Matiewe,nmatiewebj@abc.net.au
Evaleen,Leggate,eleggatebk@nature.com
Revkah,Pagin,rpaginbl@hubpages.com
Bea,Petren,bpetrenbm@quantcast.com
Dodi,Gergolet,dgergoletbn@github.com
Fletch,Scargle,fscarglebo@google.com.br
Newton,Kobel,nkobelbp@live.com
Humfrey,Biasini,hbiasinibq@princeton.edu
Erv,Filippello,efilippellobr@weebly.com
Hewie,Morpeth,hmorpethbs@meetup.com
Belicia,Spaule,bspaulebt@dot.gov
Henrie,McCoish,hmccoishbu@nsw.gov.au
Magdalen,Jopson,mjopsonbv@businesswire.com
Fleurette,Paireman,fpairemanbw@freewebs.com
Joel,Layland,jlaylandbx@mashable.com
Verene,Polglaze,vpolglazeby@hibu.com
Jessy,Camps,jcampsbz@howstuffworks.com
Juieta,Bush,jbushc0@exblog.jp
Lisle,Culleford,lcullefordc1@paypal.com
Arin,Mintoff,amintoffc2@t-online.de
Brittani,McGillivray,bmcgillivrayc3@csmonitor.com
Jerry,O' Mullane,jomullanec4@forbes.com
Pebrook,Norcutt,pnorcuttc5@liveinternet.ru
Gaven,Spinnace,gspinnacec6@ovh.net
Brenda,Dumbell,bdumbellc7@storify.com
Elysee,Pallasch,epallaschc8@mozilla.org
Beryle,Shiliton,bshilitonc9@photobucket.com
Padriac,Edgars,pedgarsca@ca.gov
Carmelita,De Caville,cdecavillecb@123-reg.co.uk
Mirabella,Le Pine,mlepinecc@ycombinator.com
George,Myring,gmyringcd@omniture.com
Archer,Poulden,apouldence@feedburner.com
Cora,Labes,clabescf@prweb.com
Gracie,Antonopoulos,gantonopouloscg@squidoo.com
Ivette,Limbert,ilimbertch@livejournal.com
Rutger,Belly,rbellyci@typepad.com
Tod,Dany,tdanycj@freewebs.com
Flossi,Klimochkin,fklimochkinck@mac.com
Herb,Humberston,hhumberstoncl@linkedin.com
Justinn,Masdin,jmasdincm@webs.com
Nickie,Jancey,njanceycn@spiegel.de
Almire,Cosgrave,acosgraveco@google.fr
Zared,Kubista,zkubistacp@ovh.net
Keen,Meldrum,kmeldrumcq@cpanel.net
Leland,Hulland,lhullandcr@163.com
Helaine,Cooney,hcooneycs@infoseek.co.jp
Jacquelyn,Karolyi,jkarolyict@trellian.com
Aila,Jovovic,ajovoviccu@instagram.com
Janel,Gallymore,jgallymorecv@arstechnica.com
Archibaldo,Klas,aklascw@goo.ne.jp
Mason,Joanaud,mjoanaudcx@salon.com
Ruthie,Sallinger,rsallingercy@instagram.com
Avivah,Swiers,aswierscz@zimbio.com
Janel,Cottu,jcottud0@wikipedia.org
Riccardo,Axel,raxeld1@wix.com
Bronson,Doppler,bdopplerd2@csmonitor.com
Cristen,Meletti,cmelettid3@vimeo.com
Ester,Montgomery,emontgomeryd4@yandex.ru
Britteny,Baggelley,bbaggelleyd5@discuz.net
Gilburt,Adshead,gadsheadd6@vkontakte.ru
Stillmann,Ryding,srydingd7@mozilla.org
Vick,Fearon,vfearond8@huffingtonpost.com
Torre,Endle,tendled9@phoca.cz
Garry,Filgate,gfilgateda@ustream.tv
Agnesse,Crystal,acrystaldb@msn.com
Jolene,Wantling,jwantlingdc@infoseek.co.jp
Kimmy,McKiddin,kmckiddindd@huffingtonpost.com
Skippie,Bakesef,sbakesefde@forbes.com
Anthiathia,Furlong,afurlongdf@nyu.edu
Misty,Gayne,mgaynedg@washingtonpost.com
Marchelle,Foskew,mfoskewdh@cbc.ca
Cori,Ironside,cironsidedi@biglobe.ne.jp
Merissa,Elvins,melvinsdj@skype.com
Alanna,Perillo,aperillodk@webeden.co.uk
Janie,Laslett,jlaslettdl@bing.com
Gabey,Chamley,gchamleydm@histats.com
Erskine,Vanacci,evanaccidn@sina.com.cn
Taylor,Ezele,tezeledo@networksolutions.com
Hedwiga,Claiden,hclaidendp@pbs.org
Alaric,Craisford,acraisforddq@miibeian.gov.cn
Amory,Chominski,achominskidr@cdbaby.com
Lucian,Nineham,lninehamds@skyrock.com
James,Shiliton,jshilitondt@pagesperso-orange.fr
Rona,Mc Faul,rmcfauldu@businesswire.com
Sebastian,Powter,spowterdv@loc.gov
Kenneth,Deeth,kdeethdw@sitemeter.com
Dolly,Ousbie,dousbiedx@youtube.com
Dagmar,Whiteford,dwhiteforddy@unblog.fr
Annabel,Lowton,alowtondz@house.gov
Keeley,Curnok,kcurnoke0@parallels.com
Lucie,Umney,lumneye1@nsw.gov.au
Lynnette,Tillett,ltillette2@ehow.com
Durante,Gingles,dginglese3@alibaba.com
Wendeline,Stubs,wstubse4@ucoz.ru
Christie,Olorenshaw,colorenshawe5@barnesandnoble.com
Vevay,Emanulsson,vemanulssone6@deviantart.com
Annemarie,Barchrameev,abarchrameeve7@google.co.jp
Christiano,Abbison,cabbisone8@last.fm
Ivor,Galer,igalere9@amazon.co.jp
Paulie,Lis,plisea@sun.com
Calv,Piggott,cpiggotteb@canalblog.com
Pepe,Rojel,projelec@discovery.com
Ginnifer,Ricard,gricarded@wiley.com
Brandy,Boutwell,bboutwellee@wiley.com
Edik,Tatershall,etatershallef@seattletimes.com
Kristen,Upward,kupwardeg@fastcompany.com
Anastassia,Bissatt,abissatteh@linkedin.com
Jerald,Gillespie,jgillespieei@ycombinator.com
Laurie,Real,lrealej@earthlink.net
Barnett,Jakeman,bjakemanek@sakura.ne.jp
Base,Biskupek,bbiskupekel@miibeian.gov.cn
Freda,Kores,fkoresem@theguardian.com
Rosabel,Bein,rbeinen@gnu.org
Lucky,Scopham,lscophameo@about.com
Euell,Thwaites,ethwaitesep@apache.org
Mickie,Dollimore,mdollimoreeq@barnesandnoble.com
Vernon,Majury,vmajuryer@npr.org
Amitie,Shoute,ashoutees@smugmug.com
Daile,Kubach,dkubachet@jugem.jp
Obadiah,Abden,oabdeneu@163.com
Sully,Sergeant,ssergeantev@craigslist.org
Evelina,Martell,emartellew@dropbox.com
Tommy,Gerran,tgerranex@theguardian.com
Marianna,Fearne,mfearneey@t-online.de
Vaclav,Medford,vmedfordez@geocities.com
Lorry,Elliss,lellissf0@photobucket.com
Ronny,Kasting,rkastingf1@cam.ac.uk
Stillman,MacNeely,smacneelyf2@omniture.com
Ali,Addison,aaddisonf3@noaa.gov
Lief,Janauschek,ljanauschekf4@barnesandnoble.com
Beauregard,Linfitt,blinfittf5@1688.com
Kylie,Rays,kraysf6@china.com.cn
Rozanne,Luis,rluisf7@twitter.com
Abra,Spinney,aspinneyf8@gizmodo.com
Norrie,Test,ntestf9@printfriendly.com
Cherilynn,Billingsley,cbillingsleyfa@hugedomains.com
Guendolen,Gooddie,ggooddiefb@dot.gov
Hedda,McPeake,hmcpeakefc@biblegateway.com
Dominic,Hurworth,dhurworthfd@printfriendly.com
Eolanda,Bugler,ebuglerfe@jiathis.com
Nada,Jobe,njobeff@nifty.com
Marjy,Misson,mmissonfg@who.int
Antoinette,Coath,acoathfh@livejournal.com
Charline,Kennham,ckennhamfi@123-reg.co.uk
Blondy,Placstone,bplacstonefj@joomla.org
Michel,Ugoni,mugonifk@statcounter.com
Tamara,Stidever,tstideverfl@marriott.com
Ignaz,Sandells,isandellsfm@berkeley.edu
Bruno,Santus,bsantusfn@bloglines.com
Cleve,Lecount,clecountfo@nature.com
Ives,Ferrer,iferrerfp@state.gov
Delcine,Ellings,dellingsfq@irs.gov
Wilton,Burge,wburgefr@deviantart.com
Martynne,Stairmand,mstairmandfs@cmu.edu
Nicola,Beardsall,nbeardsallft@army.mil
Shelley,Daymont,sdaymontfu@fc2.com
Howard,Carding,hcardingfv@blinklist.com
Edmon,Jerromes,ejerromesfw@stumbleupon.com
Levin,Trew,ltrewfx@cdbaby.com
Dillie,Blakeston,dblakestonfy@google.com.hk
Hershel,Northidge,hnorthidgefz@hp.com
Alissa,Chieco,achiecog0@nhs.uk
Wallache,Garrit,wgarritg1@stanford.edu
Antonina,Standrin,astandring2@facebook.com
Rufe,Thaw,rthawg3@ucoz.ru
Gabriellia,Duiguid,gduiguidg4@lulu.com
Ainsley,Karel,akarelg5@godaddy.com
Edin,Daveren,edavereng6@networkadvertising.org
Magnum,Deeny,mdeenyg7@nydailynews.com
Gibby,Aveline,gavelineg8@reddit.com
Edd,Haffard,ehaffardg9@mashable.com
Vitia,Recher,vrecherga@google.ca
Ev,Kainz,ekainzgb@4shared.com
Bernie,Chennells,bchennellsgc@google.it
Lian,Mantle,lmantlegd@exblog.jp
Nana,Bransdon,nbransdonge@home.pl
Fidel,Dutnall,fdutnallgf@mail.ru
Brenda,Veracruysse,bveracruyssegg@businessweek.com
Zarla,Kas,zkasgh@ebay.com
Alison,Ox,aoxgi@reference.com
Francoise,Tanby,ftanbygj@salon.com
Manda,Cartman,mcartmangk@cpanel.net
Noel,Pinkett,npinkettgl@baidu.com
Melosa,Bhar,mbhargm@patch.com
Milka,Jackson,mjacksongn@de.vu
Darren,Weich,dweichgo@twitpic.com
Kristen,De Benedictis,kdebenedictisgp@nydailynews.com
Irving,Lelievre,ilelievregq@goo.ne.jp
Alexa,Borrie,aborriegr@cyberchimps.com
Dee dee,Frazier,dfraziergs@oaic.gov.au
Fifi,Paddison,fpaddisongt@msu.edu
Gertrud,Dives,gdivesgu@dailymail.co.uk
Alis,Daws,adawsgv@scientificamerican.com
Carver,Durand,cdurandgw@amazon.co.jp
Barn,Maxted,bmaxtedgx@godaddy.com
Sheilakathryn,Paynton,spayntongy@rambler.ru
Adolph,Nono,anonogz@parallels.com
Olly,Warrillow,owarrillowh0@sfgate.com
Dacy,Melmore,dmelmoreh1@barnesandnoble.com
Chrisy,Lakes,clakesh2@discuz.net
Torin,Dunleavy,tdunleavyh3@flavors.me
Amberly,McGarvey,amcgarveyh4@google.fr
Claudina,Alford,calfordh5@sun.com
Marina,Dobey,mdobeyh6@accuweather.com
Udall,Bohden,ubohdenh7@themeforest.net
Leonard,Skillings,lskillingsh8@joomla.org
Merissa,Hewkin,mhewkinh9@nyu.edu
Obie,Bertrand,obertrandha@hatena.ne.jp
Christoforo,Godard,cgodardhb@army.mil
Tiffie,Godson,tgodsonhc@nydailynews.com
Vitoria,Ziemecki,vziemeckihd@thetimes.co.uk
Gris,Jardin,gjardinhe@php.net
Tarrah,Betancourt,tbetancourthf@imdb.com
Grannie,Marns,gmarnshg@dailymotion.com
Griff,Tewelson,gtewelsonhh@issuu.com
Carlynn,Rosenauer,crosenauerhi@instagram.com
Rudd,Labon,rlabonhj@senate.gov
Fiann,Clowney,fclowneyhk@alibaba.com
Roderick,Broadnicke,rbroadnickehl@skyrock.com
Alvy,Ragles,aragleshm@friendfeed.com
Zelig,Osbourn,zosbournhn@webmd.com
Kristoffer,Loudyan,kloudyanho@live.com
Correy,Aldersley,caldersleyhp@flickr.com
Allx,Grimbaldeston,agrimbaldestonhq@xing.com
Devon,Adamsen,dadamsenhr@accuweather.com
Blinny,Miell,bmiellhs@google.de
Fredrika,Ferrer,fferrerht@amazon.de
Genevra,Woollaston,gwoollastonhu@about.me
Tabitha,Gonning,tgonninghv@slashdot.org
Ilise,Jobern,ijobernhw@booking.com
Janelle,Trice,jtricehx@naver.com
Ola,Soppett,osoppetthy@ibm.com
Clare,Spendlove,cspendlovehz@vimeo.com
Dory,Kneale,dknealei0@i2i.jp
Jerome,Radmore,jradmorei1@tamu.edu
Neill,Mattiazzo,nmattiazzoi2@about.com
Marcelle,McGilben,mmcgilbeni3@123-reg.co.uk
Welch,Haston,whastoni4@usatoday.com
Joannes,Goodwill,jgoodwilli5@un.org
Kenyon,Balmann,kbalmanni6@cafepress.com
Linda,Abramski,labramskii7@storify.com
Elwyn,Marsh,emarshi8@gravatar.com
Sandy,Coulton,scoultoni9@gov.uk
Anjanette,Duffie,aduffieia@skyrock.com
Stoddard,Hodgin,shodginib@hc360.com
Humberto,Honacker,hhonackeric@purevolume.com
Onida,Creamen,ocreamenid@surveymonkey.com
Titus,Axtonne,taxtonneie@wufoo.com
Salomi,Koche,skocheif@earthlink.net
Chrissy,Artus,cartusig@squidoo.com
Laney,Penvarden,lpenvardenih@arizona.edu
Drud,Powton,dpowtonii@google.fr
Jodi,Kepe,jkepeij@goo.gl
Celisse,Melrose,cmelroseik@nytimes.com
Jemmie,Vernon,jvernonil@lulu.com
Carolin,Castagnone,ccastagnoneim@posterous.com
Ginni,Blackborough,gblackboroughin@stanford.edu
Claus,Vedntyev,cvedntyevio@blogtalkradio.com
Boy,Hyrons,bhyronsip@nhs.uk
Moll,Bullas,mbullasiq@jugem.jp
Jorge,Cadell,jcadellir@usnews.com
Wilma,Topper,wtopperis@wikispaces.com
Selina,Penkethman,spenkethmanit@indiegogo.com
Doralin,Trott,dtrottiu@oakley.com
Aretha,Malloch,amallochiv@java.com
Eben,Pawels,epawelsiw@example.com
Britni,Drinkale,bdrinkaleix@mediafire.com
Lauretta,Pexton,lpextoniy@craigslist.org
Antoine,Dallan,adallaniz@jugem.jp
Chase,Peake,cpeakej0@marketwatch.com
Hanson,Indgs,hindgsj1@github.com
Fifine,Whapham,fwhaphamj2@elegantthemes.com
Erena,Carek,ecarekj3@163.com
Roseline,Veelers,rveelersj4@example.com
Raleigh,Whetnell,rwhetnellj5@joomla.org
Shina,Moncreiffe,smoncreiffej6@uiuc.edu
Doloritas,Cawthry,dcawthryj7@flickr.com
Frederik,Andrejevic,fandrejevicj8@mapquest.com
Carola,Wallace,cwallacej9@independent.co.uk
Constantine,Gave,cgaveja@java.com
Myrtle,Peaurt,mpeaurtjb@guardian.co.uk
Aguie,Crinion,acrinionjc@stumbleupon.com
Leslie,Lisimore,llisimorejd@1und1.de
Mathian,Paxforde,mpaxfordeje@skyrock.com
Whittaker,Thackston,wthackstonjf@trellian.com
Leon,Melladew,lmelladewjg@biglobe.ne.jp
Delmar,Barme,dbarmejh@omniture.com
Margarita,Runham,mrunhamji@csmonitor.com
Levey,Itzkovich,litzkovichjj@friendfeed.com
Pepito,Treweke,ptrewekejk@hubpages.com
Seamus,Sertin,ssertinjl@washington.edu
Bondie,D'Ambrosi,bdambrosijm@youku.com
Reidar,Skipworth,rskipworthjn@sbwire.com
Veronike,Arzu,varzujo@alexa.com
Cesaro,Berridge,cberridgejp@artisteer.com
Roanne,Fishbourn,rfishbournjq@tinyurl.com
Sherlocke,Phebee,sphebeejr@twitter.com
Erwin,Fawcus,efawcusjs@yellowbook.com
Kalil,Stollman,kstollmanjt@mit.edu
Leilah,Pietrowski,lpietrowskiju@goo.gl
Eleanor,Dimond,edimondjv@mail.ru
Gifford,Boyet,gboyetjw@jalbum.net
Vale,Borsnall,vborsnalljx@ezinearticles.com
Lavina,Scantleberry,lscantleberryjy@un.org
Hobard,O'Lunney,holunneyjz@jalbum.net
Skipper,Demange,sdemangek0@last.fm
Baryram,Paolotto,bpaolottok1@uiuc.edu
Felicia,Nethercott,fnethercottk2@flickr.com
Austin,Guilbert,aguilbertk3@aol.com
Winifield,Deetch,wdeetchk4@engadget.com
Alisander,Brunicke,abrunickek5@hatena.ne.jp
Marty,Rewbottom,mrewbottomk6@spiegel.de
Katerine,Minelli,kminellik7@accuweather.com
Norrie,See,nseek8@columbia.edu
Tanney,Chesterton,tchestertonk9@guardian.co.uk
Diannne,Crinion,dcrinionka@oaic.gov.au
Cornelius,Simononsky,csimononskykb@quantcast.com
Ronnica,Lanfear,rlanfearkc@hao123.com
Janel,Bolzmann,jbolzmannkd@goodreads.com
Erie,Braunstein,ebraunsteinke@imdb.com
Ferrell,Jarrard,fjarrardkf@miibeian.gov.cn
Tracey,Bleackly,tbleacklykg@1688.com
Antin,Renvoise,arenvoisekh@dyndns.org
Shelton,Gaul,sgaulki@exblog.jp
Ula,Tackes,utackeskj@homestead.com
Rolf,Skarin,rskarinkk@livejournal.com
Kip,Pautot,kpautotkl@paypal.com
Eryn,See,eseekm@barnesandnoble.com
Robb,Lias,rliaskn@wunderground.com
Sharia,Burbage,sburbageko@discuz.net
Allistir,De Maine,ademainekp@howstuffworks.com
Zondra,Popov,zpopovkq@mozilla.com
Harlie,Abrahamovitz,habrahamovitzkr@altervista.org
Leeanne,Speeding,lspeedingks@npr.org
Constance,Gallaway,cgallawaykt@geocities.com
Nolan,Pechet,npechetku@topsy.com
Adda,Littlewood,alittlewoodkv@dedecms.com
Henrietta,Smidmoor,hsmidmoorkw@creativecommons.org
Shalom,Tomanek,stomanekkx@marketwatch.com
Farley,Phlipon,fphliponky@a8.net
Teirtza,Dosdell,tdosdellkz@i2i.jp
Olia,Haddleston,ohaddlestonl0@apache.org
Patsy,Kleinstern,pkleinsternl1@topsy.com
Marlow,Sowersby,msowersbyl2@nytimes.com
Newton,Beswick,nbeswickl3@tumblr.com
Nikos,Thynne,nthynnel4@google.pl
Francklin,Stollmeyer,fstollmeyerl5@blogger.com
Tamarah,Elles,tellesl6@illinois.edu
Odessa,Hobson,ohobsonl7@seesaa.net
Blaire,Cheyenne,bcheyennel8@istockphoto.com
Salim,Keirle,skeirlel9@mashable.com
Chanda,Rentilll,crentilllla@earthlink.net
Thia,Corser,tcorserlb@feedburner.com
Martita,Cumberbatch,mcumberbatchlc@sohu.com
Melinde,Clery,mcleryld@eepurl.com
Cody,Coopper,ccoopperle@barnesandnoble.com
Dacey,Cordero,dcorderolf@epa.gov
Cheryl,O'Hannen,cohannenlg@over-blog.com
Renee,Bearsmore,rbearsmorelh@jiathis.com
North,Golston,ngolstonli@goodreads.com
Rudd,Lindenberg,rlindenberglj@ibm.com
Anderson,Fishburn,afishburnlk@jalbum.net
Merv,Sapseed,msapseedll@lulu.com
Harwell,Greatorex,hgreatorexlm@technorati.com
Arie,Broadbear,abroadbearln@printfriendly.com
Orrin,Sorro,osorrolo@home.pl
Wheeler,Lean,wleanlp@uiuc.edu
Shaun,Traviss,stravisslq@jiathis.com
Correna,Curzey,ccurzeylr@auda.org.au
Annabelle,Ondrousek,aondrousekls@hp.com
Dael,Beddingham,dbeddinghamlt@about.me
Ivonne,Story,istorylu@pagesperso-orange.fr
Sharon,Durno,sdurnolv@admin.ch
Morrie,McInnerny,mmcinnernylw@webeden.co.uk
Yorgo,Morriarty,ymorriartylx@goo.gl
Sheffield,Tolomio,stolomioly@youtu.be
Moe,Jost,mjostlz@accuweather.com
Milissent,Iorillo,miorillom0@deliciousdays.com
Em,De Zuani,edezuanim1@ezinearticles.com
Briana,Fanshaw,bfanshawm2@meetup.com
Carver,Llewhellin,cllewhellinm3@dyndns.org
Glennis,St. Hill,gsthillm4@mayoclinic.com
Ginger,Wudeland,gwudelandm5@clickbank.net
Gleda,Wozencroft,gwozencroftm6@livejournal.com
Terrye,Duly,tdulym7@tripod.com
Standford,Treagus,streagusm8@si.edu
Oswell,MacKibbon,omackibbonm9@amazon.co.jp
Tades,Myles,tmylesma@skyrock.com
Monro,Dymock,mdymockmb@amazon.com
Jourdan,Arpur,jarpurmc@altervista.org
Meier,Perrone,mperronemd@ning.com
Jarrad,Gallardo,jgallardome@topsy.com
Darill,Bladder,dbladdermf@barnesandnoble.com
Brandise,Jedrys,bjedrysmg@cafepress.com
Shela,Stimpson,sstimpsonmh@cisco.com
Calv,Heaford,cheafordmi@networkadvertising.org
Wynn,Plester,wplestermj@narod.ru
Carmine,Devenport,cdevenportmk@ow.ly
Raquela,Rolse,rrolseml@psu.edu
Brett,Gabbat,bgabbatmm@usgs.gov
Kenny,Newell,knewellmn@themeforest.net
Kristen,Smail,ksmailmo@cpanel.net
Bernhard,Rawls,brawlsmp@ucla.edu
Cherry,Yallop,cyallopmq@mail.ru
Fergus,Racine,fracinemr@ted.com
Valery,Dodle,vdodlems@jiathis.com
Salomone,Jean,sjeanmt@hexun.com
Rosemary,Glassopp,rglassoppmu@boston.com
Jamima,Murby,jmurbymv@epa.gov
Blair,Berzin,bberzinmw@aboutads.info
Quintina,Huck,qhuckmx@hc360.com
Jasmin,Gladdor,jgladdormy@baidu.com
Dyane,Moir,dmoirmz@shareasale.com
Vick,Thireau,vthireaun0@lulu.com
Paige,Stebbings,pstebbingsn1@mediafire.com
Kaia,Pollendine,kpollendinen2@cnet.com
Dorita,Hallick,dhallickn3@mediafire.com
Sophey,Pigden,spigdenn4@businessinsider.com
Sabina,Walster,swalstern5@ucoz.ru
Asa,Poole,apoolen6@w3.org
Leshia,Haresign,lharesignn7@geocities.com
Sean,Cowins,scowinsn8@sciencedaily.com
Tedmund,McNern,tmcnernn9@so-net.ne.jp
Kizzee,Webland,kweblandna@nymag.com
Minny,Blythe,mblythenb@i2i.jp
Jayme,Megroff,jmegroffnc@blinklist.com
Avigdor,Goroni,agoronind@gizmodo.com
Garner,Woodfield,gwoodfieldne@go.com
Darby,Duncklee,ddunckleenf@linkedin.com
Joli,Asling,jaslingng@skype.com
Alvy,Ladlow,aladlownh@sakura.ne.jp
Antonio,Perfitt,aperfittni@vkontakte.ru
Kelsi,Buckler,kbucklernj@epa.gov
Putnam,McQuillan,pmcquillannk@domainmarket.com
Alejoa,Bendle,abendlenl@dagondesign.com
Robbi,Boynton,rboyntonnm@theglobeandmail.com
Ermengarde,Kingsley,ekingsleynn@intel.com
Burty,D'Ambrosio,bdambrosiono@va.gov
Merle,Mawhinney,mmawhinneynp@house.gov
Nikita,Gunton,nguntonnq@newyorker.com
Haskell,Bettanay,hbettanaynr@a8.net
Constantine,Casina,ccasinans@etsy.com
Stuart,Coldbath,scoldbathnt@parallels.com
Chaddie,Geffe,cgeffenu@hibu.com
Hamlen,Blondel,hblondelnv@rambler.ru
Garrot,Capelle,gcapellenw@privacy.gov.au
Beaufort,Nussen,bnussennx@uiuc.edu
Cinderella,Cofax,ccofaxny@intel.com
Beulah,Danilenko,bdanilenkonz@devhub.com
Georgeta,Cartner,gcartnero0@liveinternet.ru
Binni,Waldrum,bwaldrumo1@etsy.com
Millie,Reece,mreeceo2@cnet.com
Travers,McTurk,tmcturko3@wufoo.com
Clarke,Espy,cespyo4@twitter.com
Artemus,Bellino,abellinoo5@posterous.com
Spence,Garrioch,sgarriocho6@odnoklassniki.ru
Linn,Ketchen,lketcheno7@sina.com.cn
Dory,Bickerdyke,dbickerdykeo8@scientificamerican.com
Shellysheldon,Frankowski,sfrankowskio9@hubpages.com
Carly,Ritson,critsonoa@baidu.com
Gerianna,Ingham,ginghamob@slashdot.org
Eden,Matic,ematicoc@t-online.de
Lavinie,Leuren,lleurenod@nbcnews.com
Francklyn,Garoghan,fgaroghanoe@fastcompany.com
Jacintha,Ahlin,jahlinof@hubpages.com
Magnum,Corden,mcordenog@sfgate.com
Etan,Whittington,ewhittingtonoh@cbslocal.com
Ellen,Abriani,eabrianioi@simplemachines.org
Leonanie,Barca,lbarcaoj@prnewswire.com
Scottie,Enticknap,senticknapok@vk.com
Wilone,Splevin,wsplevinol@angelfire.com
Curcio,Lotwich,clotwichom@amazonaws.com
Hedy,Carous,hcarouson@ucoz.ru
Olenka,Debill,odebilloo@hp.com
Emmott,Barts,ebartsop@edublogs.org
Anatol,Males,amalesoq@google.nl
Kissiah,Biddulph,kbiddulphor@amazonaws.com
Dougie,Stoyle,dstoyleos@dedecms.com
Earlie,Duce,educeot@cocolog-nifty.com
Ulric,Lineham,ulinehamou@ed.gov
Nonnah,Marshal,nmarshalov@issuu.com
Vannie,Traves,vtravesow@addtoany.com
Chrissie,Bum,cbumox@youku.com
Morgen,Breston,mbrestonoy@tripod.com
Ewell,Donne,edonneoz@scribd.com
Melli,Hinzer,mhinzerp0@vinaora.com
Skyler,Everal,severalp1@irs.gov
Zelma,Tollet,ztolletp2@alexa.com
Dennis,Russell,drussellp3@biblegateway.com
Margareta,Brim,mbrimp4@multiply.com
Lewiss,Riddell,lriddellp5@freewebs.com
Giustino,Gossage,ggossagep6@netscape.com
Lothario,Maier,lmaierp7@wordpress.org
Currie,Caughte,ccaughtep8@sogou.com
Myrwyn,Kopecka,mkopeckap9@addtoany.com
Anne-corinne,Bygrove,abygrovepa@angelfire.com
Candi,Guillem,cguillempb@cocolog-nifty.com
Fanechka,McEntegart,fmcentegartpc@dailymotion.com
Shelagh,Cowburn,scowburnpd@zdnet.com
Susannah,Fortye,sfortyepe@slashdot.org
Hoebart,Palliser,hpalliserpf@ft.com
Genovera,McLuckie,gmcluckiepg@miitbeian.gov.cn
Imogene,Deshon,ideshonph@tinyurl.com
Crissie,Brunotti,cbrunottipi@smugmug.com
Jaime,Klug,jklugpj@whitehouse.gov
Thorvald,Bletsoe,tbletsoepk@instagram.com
Lemmy,Lathaye,llathayepl@google.com
Isadora,O'Fallone,iofallonepm@alibaba.com
Way,Cuffe,wcuffepn@bbb.org
Mabelle,Goodale,mgoodalepo@archive.org
Malcolm,MacAlees,mmacaleespp@meetup.com
Bale,Warboys,bwarboyspq@economist.com
Gnni,Eldin,geldinpr@canalblog.com
Sheila,Belloch,sbellochps@yellowbook.com
Tamar,Boatwright,tboatwrightpt@cdbaby.com
Mechelle,De Haven,mdehavenpu@google.es
Catharina,Wardington,cwardingtonpv@stanford.edu
Corrina,Brydon,cbrydonpw@163.com
Valdemar,MacCartair,vmaccartairpx@nasa.gov
Gradey,Hynes,ghynespy@51.la
Chryste,Shrive,cshrivepz@google.cn
Taffy,Spuner,tspunerq0@flickr.com
Harry,Szymanowski,hszymanowskiq1@netscape.com
Gretchen,Creed,gcreedq2@domainmarket.com
Allina,Assel,aasselq3@bloomberg.com
Irita,Suatt,isuattq4@engadget.com
Klement,Arntzen,karntzenq5@techcrunch.com
Hart,Billingham,hbillinghamq6@liveinternet.ru
Jakob,Schimpke,jschimpkeq7@cloudflare.com
Peria,Donovan,pdonovanq8@marriott.com
Belia,Phelip,bphelipq9@liveinternet.ru
Loren,Hort,lhortqa@deviantart.com
Dayle,McGinn,dmcginnqb@ucla.edu
Jennilee,Bermingham,jberminghamqc@indiegogo.com
Pauletta,Causey,pcauseyqd@instagram.com
Emanuele,Desseine,edesseineqe@bizjournals.com
Rosie,Ambrogetti,rambrogettiqf@163.com
Drugi,Swyre,dswyreqg@com.com
Rhys,Chieze,rchiezeqh@soup.io
Demeter,Connow,dconnowqi@google.ca
Jocelyn,Skinn,jskinnqj@kickstarter.com
Nariko,Gledhall,ngledhallqk@eepurl.com
Eddy,Longdon,elongdonql@people.com.cn
Bentley,Hannibal,bhannibalqm@elpais.com
Candace,Berkelay,cberkelayqn@phpbb.com
Cybill,Somerfield,csomerfieldqo@sakura.ne.jp
Pall,Bamell,pbamellqp@cmu.edu
Johann,Atkirk,jatkirkqq@unc.edu
Kissiah,MacDirmid,kmacdirmidqr@msn.com
Shane,Sydney,ssydneyqs@xing.com
Karon,Jeays,kjeaysqt@nyu.edu
Brion,Patton,bpattonqu@patch.com
Taffy,Learman,tlearmanqv@arizona.edu
Carlin,Barszczewski,cbarszczewskiqw@1688.com
Casie,Fotheringham,cfotheringhamqx@techcrunch.com
Judi,Gianinotti,jgianinottiqy@about.com
Deanne,Blowne,dblowneqz@narod.ru
Thornton,Sibery,tsiberyr0@indiegogo.com
Timotheus,Gammill,tgammillr1@imageshack.us
Kirby,Mepsted,kmepstedr2@twitpic.com
Kamila,McGrayle,kmcgrayler3@skyrock.com
Salomo,Webben,swebbenr4@storify.com
Roobbie,Swaffield,rswaffieldr5@jimdo.com
Bethena,Feige,bfeiger6@gmpg.org
Olimpia,Garmons,ogarmonsr7@java.com
Stanfield,Di Giacomo,sdigiacomor8@weather.com
Dix,Treppas,dtreppasr9@wufoo.com
Berne,Alner,balnerra@mlb.com
Ange,Haylands,ahaylandsrb@amazon.com
Neda,Bedome,nbedomerc@geocities.com
Kaitlin,Tapsell,ktapsellrd@feedburner.com
Cariotta,Smail,csmailre@bluehost.com
Jarvis,Burston,jburstonrf@ed.gov
Nelle,Rainforth,nrainforthrg@wikimedia.org
Thibaut,Flowith,tflowithrh@ihg.com
Mayne,Hadley,mhadleyri@bbb.org
Fiona,Ballantyne,fballantynerj@4shared.com
Fran,McRamsey,fmcramseyrk@cloudflare.com
Hobey,Libbis,hlibbisrl@youtu.be
Francisco,Ambrus,fambrusrm@baidu.com
Hayes,Roke,hrokern@si.edu
Merle,Donoher,mdonoherro@pbs.org
Mord,Lowson,mlowsonrp@jalbum.net
Delbert,Godmar,dgodmarrq@facebook.com
Dyna,Skip,dskiprr@ebay.com
