FirstName,LastName,email
Nikolaus,Caldroni,ncaldroni0@so-net.ne.jp
Lesly,Hellier,lhellier1@ocn.ne.jp
Lila,Pontin,lpontin2@tiny.cc
Maurita,Starbucke,mstarbucke3@vistaprint.com
Davey,Blue,dblue4@msu.edu
Kinsley,Tarren,ktarren5@slashdot.org
Blinnie,Weblin,bweblin6@wufoo.com
Deloris,Coper,dcoper7@ucoz.ru
Cal,Ashall,cashall8@godaddy.com
Tish,Labadini,tlabadini9@disqus.com
Etheline,Wytchard,ewytcharda@cdc.gov
Jordan,Haberfield,jhaberfieldb@histats.com
Willi,de Clerc,wdeclercc@hhs.gov
Ashien,Sawley,asawleyd@imdb.com
Howie,Birtchnell,hbirtchnelle@pagesperso-orange.fr
Everard,Aberdeen,eaberdeenf@addtoany.com
Malvin,Ledes,mledesg@rakuten.co.jp
Iggie,Hutcheon,ihutcheonh@themeforest.net
Lucais,Tonnesen,ltonneseni@dot.gov
Lemmie,Dosdell,ldosdellj@disqus.com
Nerte,McCulley,nmcculleyk@google.it
Avery,Crosetto,acrosettol@123-reg.co.uk
Jimmie,Collister,jcollisterm@msu.edu
Walliw,Garritley,wgarritleyn@1und1.de
Christiano,Rabbage,crabbageo@pagesperso-orange.fr
Noella,Geffcock,ngeffcockp@fc2.com
Bronson,Clampin,bclampinq@discovery.com
Leonerd,Grigsby,lgrigsbyr@nyu.edu
Langston,Ginty,lgintys@about.com
Wyn,Judron,wjudront@deviantart.com
Son,Wandrack,swandracku@de.vu
Janifer,Rikel,jrikelv@narod.ru
Emmery,Sarver,esarverw@wisc.edu
Terrell,Lindeberg,tlindebergx@nih.gov
Chloris,Wetherhead,cwetherheady@vk.com
Danita,McCrum,dmccrumz@infoseek.co.jp
Derrek,Kenninghan,dkenninghan10@cocolog-nifty.com
Noelani,Mattys,nmattys11@stanford.edu
Ardis,Michelmore,amichelmore12@bandcamp.com
Natal,Frayling,nfrayling13@dot.gov
Tyson,Brosenius,tbrosenius14@google.com.br
Karie,Benkin,kbenkin15@about.com
Winifield,Brattell,wbrattell16@xrea.com
Dinah,Guyet,dguyet17@usnews.com
Betsy,Gayler,bgayler18@devhub.com
Dar,Houseago,dhouseago19@mayoclinic.com
Avis,Haggart,ahaggart1a@163.com
Donella,Berka,dberka1b@gov.uk
Leopold,Eckersall,leckersall1c@howstuffworks.com
Vincent,Storck,vstorck1d@amazonaws.com
Danette,Merryweather,dmerryweather1e@over-blog.com
Nell,Bunford,nbunford1f@mtv.com
Jaquenette,Brightie,jbrightie1g@tinyurl.com
Benedick,Hearfield,bhearfield1h@usgs.gov
Terrel,Vasenin,tvasenin1i@paypal.com
Evita,Ryle,eryle1j@forbes.com
Towny,Scothern,tscothern1k@nationalgeographic.com
Annabelle,Kuhnert,akuhnert1l@ebay.com
Layla,Cockshtt,lcockshtt1m@skype.com
Kevin,Smowton,ksmowton1n@upenn.edu
Sibylla,Kitchen,skitchen1o@ibm.com
Parke,Cadding,pcadding1p@wsj.com
Leoine,Hiseman,lhiseman1q@bbb.org
Ginger,Finnie,gfinnie1r@google.ru
Tabbie,Eastmead,teastmead1s@prlog.org
Maxine,Rapkins,mrapkins1t@w3.org
Denver,De Blase,ddeblase1u@microsoft.com
Alvy,Drinkall,adrinkall1v@latimes.com
Marijo,Ellesmere,mellesmere1w@webmd.com
Connie,Turl,cturl1x@theglobeandmail.com
Kalil,Wyldes,kwyldes1y@indiegogo.com
Jozef,Rao,jrao1z@acquirethisname.com
Richie,Ferreli,rferreli20@china.com.cn
Carmela,Primett,cprimett21@blogger.com
Murial,Rattery,mrattery22@yahoo.co.jp
Udell,Sturmey,usturmey23@nifty.com
Dori,Garahan,dgarahan24@elegantthemes.com
Elke,Sprulls,esprulls25@ustream.tv
Sheridan,Solon,ssolon26@vinaora.com
Fawne,Bolesma,fbolesma27@guardian.co.uk
Ozzy,Camplen,ocamplen28@princeton.edu
Jdavie,Felce,jfelce29@1688.com
Tadeo,Imore,timore2a@virginia.edu
Lauraine,Sleney,lsleney2b@opensource.org
Margaretha,Claricoates,mclaricoates2c@nhs.uk
Liva,Sterman,lsterman2d@homestead.com
Glen,Santos,gsantos2e@msu.edu
Adriane,Pinkard,apinkard2f@squarespace.com
Pennie,Windous,pwindous2g@symantec.com
Maegan,Thomassen,mthomassen2h@sbwire.com
Agretha,Boeter,aboeter2i@statcounter.com
Mia,Rau,mrau2j@miibeian.gov.cn
Marysa,Flancinbaum,mflancinbaum2k@apache.org
Hobey,Edney,hedney2l@hibu.com
Arleta,McGann,amcgann2m@printfriendly.com
Ninnetta,Bloodworthe,nbloodworthe2n@fastcompany.com
Appolonia,Fordyce,afordyce2o@state.tx.us
Sullivan,Scargle,sscargle2p@liveinternet.ru
Bobbie,Dear,bdear2q@yahoo.com
Kania,Cool,kcool2r@topsy.com
Conant,Vibert,cvibert2s@disqus.com
Obadiah,Belleny,obelleny2t@alibaba.com
Grazia,Grunson,ggrunson2u@businessweek.com
Berne,Durtnel,bdurtnel2v@bloglines.com
Nilson,Younie,nyounie2w@house.gov
Danyette,Spellicy,dspellicy2x@deviantart.com
Odella,Levecque,olevecque2y@com.com
Ambrosio,Zebedee,azebedee2z@plala.or.jp
Beckie,Copcote,bcopcote30@tamu.edu
Anissa,Trowell,atrowell31@ovh.net
Almira,Wimp,awimp32@nature.com
Geneva,O'Lyhane,golyhane33@devhub.com
Cirstoforo,Tomas,ctomas34@stumbleupon.com
Michel,Dalgety,mdalgety35@cmu.edu
Diarmid,Maffioletti,dmaffioletti36@ucla.edu
Alister,Huish,ahuish37@kickstarter.com
Matthieu,Bedingfield,mbedingfield38@skype.com
Perren,Garrad,pgarrad39@unesco.org
Maible,Vango,mvango3a@imdb.com
Geno,Renyard,grenyard3b@blogs.com
Clem,Woollaston,cwoollaston3c@berkeley.edu
Viki,Charville,vcharville3d@vinaora.com
Hazel,Jaimez,hjaimez3e@java.com
Susi,Bignell,sbignell3f@linkedin.com
Sapphira,Blackly,sblackly3g@drupal.org
Emanuel,Domleo,edomleo3h@redcross.org
Phyllys,Citrine,pcitrine3i@businesswire.com
Ellswerth,Ida,eida3j@scientificamerican.com
Skip,Frake,sfrake3k@rambler.ru
Reagan,Bownd,rbownd3l@amazon.com
Wendie,Disbrey,wdisbrey3m@yahoo.co.jp
Deva,Meddings,dmeddings3n@dyndns.org
Lawry,Whitsun,lwhitsun3o@boston.com
Ursulina,Mangion,umangion3p@goo.ne.jp
Shepperd,Witherington,switherington3q@github.com
Bernardine,Fidilis,bfidilis3r@illinois.edu
Demetre,Corwin,dcorwin3s@cmu.edu
Ruddie,Kernell,rkernell3t@about.me
Frankie,McCloid,fmccloid3u@skyrock.com
Tom,Karoly,tkaroly3v@wisc.edu
Marcos,Regus,mregus3w@nymag.com
Karlis,Spaven,kspaven3x@opensource.org
Doroteya,Padginton,dpadginton3y@squidoo.com
Ashley,MacCrachen,amaccrachen3z@pagesperso-orange.fr
Heath,Braxay,hbraxay40@hugedomains.com
Mycah,Cunnington,mcunnington41@hatena.ne.jp
Lotte,Kennealy,lkennealy42@sciencedaily.com
Myriam,Simison,msimison43@etsy.com
Marcelo,Pharrow,mpharrow44@gnu.org
Tandy,Rigby,trigby45@reddit.com
Paulette,Yateman,pyateman46@gmpg.org
Wynne,Kepe,wkepe47@deviantart.com
Ketty,Tumilson,ktumilson48@loc.gov
Grannie,Brekonridge,gbrekonridge49@yale.edu
Aveline,Guiel,aguiel4a@imgur.com
Ebenezer,Drepp,edrepp4b@omniture.com
Constance,Meaney,cmeaney4c@w3.org
Marlowe,Houseman,mhouseman4d@bbc.co.uk
Hallsy,Maldin,hmaldin4e@theatlantic.com
Francyne,Pithcock,fpithcock4f@naver.com
Louella,Symms,lsymms4g@comcast.net
Bill,Lacheze,blacheze4h@google.es
Timmie,Lintott,tlintott4i@mapy.cz
Alano,Gray,agray4j@va.gov
Yorke,Tiuit,ytiuit4k@chronoengine.com
Korella,Kunzel,kkunzel4l@123-reg.co.uk
Margeaux,MacCurlye,mmaccurlye4m@accuweather.com
Sol,Parkman,sparkman4n@pcworld.com
Lane,Sedgman,lsedgman4o@rakuten.co.jp
Gwenette,Conkie,gconkie4p@com.com
Cynthie,Sparshatt,csparshatt4q@odnoklassniki.ru
Melisa,Ghiroldi,mghiroldi4r@hud.gov
Rae,Caskie,rcaskie4s@hc360.com
Loreen,Growden,lgrowden4t@ft.com
Carey,Wotton,cwotton4u@scribd.com
Nicol,Westphalen,nwestphalen4v@cyberchimps.com
Alanson,Kulas,akulas4w@japanpost.jp
Urbanus,Leek,uleek4x@bloglovin.com
Tandi,McHardy,tmchardy4y@opensource.org
Jen,Franklyn,jfranklyn4z@ning.com
Marisa,Edmondson,medmondson50@shareasale.com
Ike,Rouby,irouby51@wordpress.com
Eduard,McKeaveney,emckeaveney52@wunderground.com
Vidovic,Trulocke,vtrulocke53@weibo.com
Paco,Callen,pcallen54@japanpost.jp
Berti,Keeves,bkeeves55@microsoft.com
Adolphe,Kenford,akenford56@twitter.com
Inger,Brookzie,ibrookzie57@discuz.net
Prue,Ourtic,pourtic58@disqus.com
Piper,Totaro,ptotaro59@umich.edu
Jayne,Scrivinor,jscrivinor5a@sitemeter.com
Bessie,Assard,bassard5b@scribd.com
Shelton,Camous,scamous5c@ftc.gov
Lusa,Sirmond,lsirmond5d@wunderground.com
Camille,Cockley,ccockley5e@samsung.com
Gasper,Schechter,gschechter5f@usgs.gov
Marchelle,Croal,mcroal5g@networksolutions.com
Adella,Whitnall,awhitnall5h@google.cn
Carmelina,Haburne,chaburne5i@mail.ru
Joya,Cruddace,jcruddace5j@theguardian.com
Rana,Picford,rpicford5k@archive.org
Alair,Siely,asiely5l@latimes.com
Laughton,Elmore,lelmore5m@delicious.com
Clemens,Gillitt,cgillitt5n@oracle.com
Heddi,Beazleigh,hbeazleigh5o@java.com
Lorita,Hauxwell,lhauxwell5p@yale.edu
Marybelle,Berg,mberg5q@discuz.net
Ruby,Szymanzyk,rszymanzyk5r@wikia.com
Lee,Maps,lmaps5s@a8.net
Juliana,Henderson,jhenderson5t@shareasale.com
Jared,Bibey,jbibey5u@edublogs.org
Lamar,Nowak,lnowak5v@1und1.de
Prentiss,Vondruska,pvondruska5w@edublogs.org
Tanney,Bellas,tbellas5x@51.la
Way,Livesey,wlivesey5y@chronoengine.com
Archambault,Springham,aspringham5z@deliciousdays.com
Rustie,Wabersich,rwabersich60@gnu.org
Noni,Hendrick,nhendrick61@quantcast.com
Quinton,De Brett,qdebrett62@woothemes.com
Kaylyn,Hatherill,khatherill63@amazon.co.jp
Archibold,Quantick,aquantick64@bloglines.com
Nikita,Rowbottam,nrowbottam65@freewebs.com
Ichabod,Laite,ilaite66@sphinn.com
Petunia,Bourges,pbourges67@earthlink.net
Claiborne,Mardlin,cmardlin68@flickr.com
Arlen,Duncklee,aduncklee69@networkadvertising.org
Jany,M'cowis,jmcowis6a@elegantthemes.com
Jecho,Dufaire,jdufaire6b@pinterest.com
Zenia,Yandle,zyandle6c@chicagotribune.com
Gustav,Murra,gmurra6d@paginegialle.it
Barnabas,Vivien,bvivien6e@domainmarket.com
Jacinda,Yashnov,jyashnov6f@ning.com
Samuele,Barham,sbarham6g@dailymotion.com
Simmonds,Dunmore,sdunmore6h@apple.com
Felicio,Ciccerale,fciccerale6i@indiegogo.com
Maurise,Labbey,mlabbey6j@google.com
Benjamin,Sitch,bsitch6k@ihg.com
Isidro,Beentjes,ibeentjes6l@ox.ac.uk
Alyss,Nutten,anutten6m@plala.or.jp
Gwenette,Baccus,gbaccus6n@ed.gov
Candy,Blewis,cblewis6o@state.gov
Allegra,Glabach,aglabach6p@google.cn
Delmore,Hacun,dhacun6q@deliciousdays.com
Drud,Eddy,deddy6r@icq.com
Grazia,Spickett,gspickett6s@msn.com
Margaretta,Conant,mconant6t@abc.net.au
Harvey,Cockarill,hcockarill6u@senate.gov
Randi,Dalley,rdalley6v@webs.com
Pall,Thoma,pthoma6w@columbia.edu
Ester,O'Lennachain,eolennachain6x@hexun.com
Daveen,Bettenay,dbettenay6y@soup.io
Virginie,Dollard,vdollard6z@shop-pro.jp
Jourdain,Garett,jgarett70@sphinn.com
Katrina,McRobert,kmcrobert71@buzzfeed.com
Franklyn,Brine,fbrine72@biblegateway.com
Travus,Costello,tcostello73@ebay.com
Hebert,Grayland,hgrayland74@smh.com.au
Rocky,Remington,rremington75@mtv.com
Zachariah,Deacock,zdeacock76@pen.io
Padgett,Painter,ppainter77@sina.com.cn
Alexander,Ende,aende78@ebay.co.uk
Rooney,Basnall,rbasnall79@technorati.com
Donny,Malletratt,dmalletratt7a@apache.org
Michell,Danson,mdanson7b@icio.us
Kevan,Moppett,kmoppett7c@arstechnica.com
Costanza,Mowen,cmowen7d@exblog.jp
Wynnie,Rushman,wrushman7e@va.gov
Marlow,Brewood,mbrewood7f@pinterest.com
Michale,O' Hern,mohern7g@reference.com
Ealasaid,Blaycock,eblaycock7h@redcross.org
Jesse,Woollends,jwoollends7i@cnet.com
Teddie,Cashmore,tcashmore7j@noaa.gov
Darrell,Laxen,dlaxen7k@rediff.com
Debora,Feldstein,dfeldstein7l@is.gd
Alvie,Treker,atreker7m@blogger.com
Anastasie,Espinoy,aespinoy7n@nps.gov
Vanda,Francescuccio,vfrancescuccio7o@berkeley.edu
Gallard,Cuthbert,gcuthbert7p@marketwatch.com
Saloma,Wernher,swernher7q@istockphoto.com
Coleman,Umbers,cumbers7r@over-blog.com
Benito,Jakucewicz,bjakucewicz7s@xrea.com
Vernon,Kibard,vkibard7t@reuters.com
Timothee,Bortoli,tbortoli7u@instagram.com
Sullivan,Poundford,spoundford7v@woothemes.com
Ravi,Trevithick,rtrevithick7w@livejournal.com
Cherish,Spatoni,cspatoni7x@soup.io
Tucker,Riediger,triediger7y@npr.org
Halie,Mayston,hmayston7z@nps.gov
Marylou,Petrasek,mpetrasek80@infoseek.co.jp
Harriet,Folbigg,hfolbigg81@bloomberg.com
Lelia,Henfre,lhenfre82@newyorker.com
Amandie,Duffett,aduffett83@pen.io
Korney,Lainton,klainton84@github.com
Jobye,Eveque,jeveque85@g.co
Cortney,Uttridge,cuttridge86@pinterest.com
Sherill,McNern,smcnern87@icq.com
Norma,De Laspee,ndelaspee88@51.la
Zachery,Cowdry,zcowdry89@guardian.co.uk
Stephannie,Shird,sshird8a@homestead.com
Biddie,Sieghard,bsieghard8b@deviantart.com
Oates,Iseton,oiseton8c@rambler.ru
Francyne,Kop,fkop8d@elpais.com
Ealasaid,Pinkstone,epinkstone8e@printfriendly.com
Tito,O'Lennane,tolennane8f@amazonaws.com
Jamill,Babonau,jbabonau8g@tinypic.com
Edee,Pietzner,epietzner8h@shareasale.com
Odell,London,olondon8i@vinaora.com
Vinita,Tutchener,vtutchener8j@mozilla.org
Vikky,MacGahy,vmacgahy8k@cyberchimps.com
Helge,Brunnen,hbrunnen8l@gmpg.org
Yance,Dignum,ydignum8m@bloglines.com
Filip,Robertsson,frobertsson8n@newyorker.com
Curtice,Capelle,ccapelle8o@europa.eu
Shane,Measham,smeasham8p@cbc.ca
Renaldo,Halfhide,rhalfhide8q@usatoday.com
Katie,Awmack,kawmack8r@ifeng.com
Cozmo,Rosingdall,crosingdall8s@flavors.me
Kaylil,Blackater,kblackater8t@va.gov
Blaine,Dods,bdods8u@tinypic.com
Almeria,Punyer,apunyer8v@nsw.gov.au
Natty,Bingall,nbingall8w@earthlink.net
Georgena,Brunskill,gbrunskill8x@hao123.com
Tobye,Fyfe,tfyfe8y@typepad.com
Gal,Geistmann,ggeistmann8z@illinois.edu
Teri,Medendorp,tmedendorp90@parallels.com
Gawain,McCaw,gmccaw91@wordpress.org
Justino,Alwen,jalwen92@youtube.com
Iggie,Sharpous,isharpous93@pbs.org
Pietrek,Boddis,pboddis94@smugmug.com
Sianna,Gateshill,sgateshill95@opensource.org
Gard,Veld,gveld96@ca.gov
Baxter,Ivanenko,bivanenko97@google.it
Gregoor,Columbine,gcolumbine98@cnet.com
Angeline,Beharrell,abeharrell99@mapquest.com
Pammie,Chatin,pchatin9a@g.co
Netti,Sawood,nsawood9b@constantcontact.com
Raffaello,Beaven,rbeaven9c@unesco.org
Sharleen,Pawelek,spawelek9d@de.vu
Sallie,Coxen,scoxen9e@miitbeian.gov.cn
Giulia,Gimbrett,ggimbrett9f@toplist.cz
Bartram,Garlant,bgarlant9g@netlog.com
Isidro,Wakelam,iwakelam9h@yandex.ru
Staci,Biagi,sbiagi9i@mapy.cz
Laurene,Alfonsetto,lalfonsetto9j@wordpress.org
Perry,Debling,pdebling9k@yolasite.com
Sophia,Gallop,sgallop9l@sphinn.com
Benjamin,Bawdon,bbawdon9m@bravesites.com
Edsel,Malthouse,emalthouse9n@simplemachines.org
Matilda,Sawyers,msawyers9o@alibaba.com
Berkie,Clewlow,bclewlow9p@pinterest.com
Fleur,Dougher,fdougher9q@delicious.com
Hugues,Litterick,hlitterick9r@ca.gov
Ryley,Alfuso,ralfuso9s@yelp.com
Cordy,Swoffer,cswoffer9t@netscape.com
Kristan,Bassill,kbassill9u@simplemachines.org
Claudio,Kopfer,ckopfer9v@unblog.fr
Bancroft,Harrop,bharrop9w@fc2.com
Garrik,Maleby,gmaleby9x@chron.com
Niccolo,McLoughlin,nmcloughlin9y@nasa.gov
Jonas,Moehle,jmoehle9z@linkedin.com
Roda,Woonton,rwoontona0@sfgate.com
Renato,Dunkerly,rdunkerlya1@feedburner.com
Cristen,Di Pietro,cdipietroa2@house.gov
Ede,Biddwell,ebiddwella3@bloglovin.com
Pryce,Basey,pbaseya4@discuz.net
Arron,Upfold,aupfolda5@seattletimes.com
Merrie,Jullian,mjulliana6@acquirethisname.com
Adoree,Carbin,acarbina7@dropbox.com
Gustav,Izatson,gizatsona8@xinhuanet.com
Leonard,Vispo,lvispoa9@auda.org.au
Rici,O'Kane,rokaneaa@360.cn
Ginnie,Greenly,ggreenlyab@ft.com
Vernen,Fudge,vfudgeac@google.nl
Maxwell,Poat,mpoatad@businessweek.com
Janine,Mount,jmountae@engadget.com
Casper,Merrell,cmerrellaf@constantcontact.com
Uriah,Waeland,uwaelandag@meetup.com
Merill,Kroon,mkroonah@fda.gov
Taylor,Ransbury,transburyai@constantcontact.com
Karina,Shirtliff,kshirtliffaj@ox.ac.uk
Sigfried,Lamartine,slamartineak@sohu.com
Blake,Fantin,bfantinal@seattletimes.com
Cross,Popham,cpophamam@cargocollective.com
Anallise,Shilvock,ashilvockan@vistaprint.com
Rosanne,Brecknell,rbrecknellao@webmd.com
Brad,Briston,bbristonap@npr.org
Franni,Mowling,fmowlingaq@joomla.org
Egbert,Gunner,egunnerar@qq.com
Briney,Fremantle,bfremantleas@myspace.com
Carlee,Bernardotte,cbernardotteat@geocities.com
Winny,Gehringer,wgehringerau@harvard.edu
Nicolea,Bennion,nbennionav@japanpost.jp
Cirstoforo,Llopis,cllopisaw@nhs.uk
Kissee,Bertomieu,kbertomieuax@themeforest.net
Shandy,McAlroy,smcalroyay@etsy.com
Phip,De Luna,pdelunaaz@last.fm
Patsy,Fomichyov,pfomichyovb0@jigsy.com
Naoma,Blaxill,nblaxillb1@amazon.com
Kinnie,Frowde,kfrowdeb2@nsw.gov.au
Adrian,Verrier,averrierb3@abc.net.au
Lamond,Gahan,lgahanb4@shop-pro.jp
Amalea,Houldey,ahouldeyb5@angelfire.com
Esme,Barby,ebarbyb6@instagram.com
Tyrone,Baumer,tbaumerb7@theatlantic.com
Pepita,Briat,pbriatb8@upenn.edu
Ollie,Boggis,oboggisb9@jugem.jp
Lenna,Probetts,lprobettsba@sbwire.com
Kennedy,Littlejohns,klittlejohnsbb@cisco.com
Jazmin,Licciardi,jlicciardibc@networksolutions.com
Kate,Armell,karmellbd@chron.com
Ivory,Van Merwe,ivanmerwebe@virginia.edu
Maxie,Alywin,malywinbf@linkedin.com
Etienne,Pheazey,epheazeybg@mediafire.com
Benoite,Shotboulte,bshotboultebh@ted.com
Gasper,Johansson,gjohanssonbi@woothemes.com
Bernadina,Pes,bpesbj@alibaba.com
Linus,Schouthede,lschouthedebk@cisco.com
Gabie,Verrill,gverrillbl@opensource.org
Nissie,Byfford,nbyffordbm@woothemes.com
Aime,Boyes,aboyesbn@virginia.edu
Seline,Ambrois,sambroisbo@newyorker.com
Fields,Nerval,fnervalbp@alexa.com
Aveline,Birkbeck,abirkbeckbq@cloudflare.com
Lynette,Tingle,ltinglebr@taobao.com
Viole,Scandrett,vscandrettbs@mac.com
Pepi,Banasik,pbanasikbt@slashdot.org
Gene,Pydcock,gpydcockbu@pinterest.com
Querida,Triplow,qtriplowbv@shop-pro.jp
Laina,Kelston,lkelstonbw@taobao.com
Grazia,Preuvost,gpreuvostbx@ycombinator.com
Bentlee,Dandie,bdandieby@wsj.com
Esme,Demkowicz,edemkowiczbz@ask.com
Kris,Raymont,kraymontc0@engadget.com
Dalis,Pensom,dpensomc1@google.es
Shellysheldon,Gradon,sgradonc2@wordpress.com
Ezequiel,Olliar,eolliarc3@wunderground.com
Sapphira,Hugh,shughc4@ucsd.edu
Giraldo,Philippard,gphilippardc5@ebay.co.uk
Darryl,Alessandrucci,dalessandruccic6@va.gov
Farlee,Tilte,ftiltec7@sina.com.cn
Ned,Riggott,nriggottc8@nature.com
Holt,McKinnon,hmckinnonc9@themeforest.net
Barris,Dudley,bdudleyca@examiner.com
Kerwinn,Leeburn,kleeburncb@ca.gov
Josephine,Ferier,jferiercc@edublogs.org
Avie,Symson,asymsoncd@tiny.cc
Bud,Chuter,bchuterce@vistaprint.com
Maureene,Broodes,mbroodescf@istockphoto.com
Tito,Cleever,tcleevercg@elegantthemes.com
Dominic,Tigwell,dtigwellch@bizjournals.com
Tamiko,Barks,tbarksci@craigslist.org
Ginnie,Grimstead,ggrimsteadcj@wufoo.com
Nelia,Rumbelow,nrumbelowck@elpais.com
Ricca,Dwire,rdwirecl@theguardian.com
Gay,Normansell,gnormansellcm@washington.edu
Iorgos,Pettett,ipettettcn@chicagotribune.com
Elroy,Fearnside,efearnsideco@fastcompany.com
Weider,Sissens,wsissenscp@stumbleupon.com
Cloe,Fissenden,cfissendencq@ftc.gov
Caspar,Batisse,cbatissecr@foxnews.com
Selinda,Fender,sfendercs@360.cn
Leoine,Underwood,lunderwoodct@mediafire.com
Elie,Cornbill,ecornbillcu@imdb.com
Giustino,Caldeyroux,gcaldeyrouxcv@spiegel.de
Klaus,Daveley,kdaveleycw@people.com.cn
Erek,Keary,ekearycx@photobucket.com
Madeline,Meader,mmeadercy@bluehost.com
Bibby,Kloser,bklosercz@berkeley.edu
Amelina,Christoffersen,achristoffersend0@nsw.gov.au
Karry,Blann,kblannd1@blogger.com
Hulda,Arondel,harondeld2@posterous.com
Pat,Pordall,ppordalld3@1und1.de
Ali,Kleiser,akleiserd4@google.es
Giorgio,Pink,gpinkd5@discovery.com
Eugenio,Kroll,ekrolld6@sourceforge.net
Goddard,Struss,gstrussd7@oracle.com
Carroll,Yon,cyond8@engadget.com
Bliss,Beaston,bbeastond9@canalblog.com
Willdon,Charer,wcharerda@ycombinator.com
Deana,Earnshaw,dearnshawdb@desdev.cn
Marie-jeanne,Bortolutti,mbortoluttidc@github.com
Aubree,Gasken,agaskendd@etsy.com
Madelaine,Laudham,mlaudhamde@smugmug.com
Rhett,Greguol,rgreguoldf@prlog.org
Davy,Ceresa,dceresadg@cbslocal.com
Benedetta,Tarry,btarrydh@ning.com
Modesty,Leggat,mleggatdi@statcounter.com
Ethelind,Tukely,etukelydj@theatlantic.com
Courtnay,Huggons,chuggonsdk@comsenz.com
Erick,Castagnaro,ecastagnarodl@usda.gov
Domenic,Screach,dscreachdm@ehow.com
Amargo,Constant,aconstantdn@baidu.com
Trey,Donnersberg,tdonnersbergdo@deviantart.com
Hillie,Wardrop,hwardropdp@com.com
Marty,McCaghan,mmccaghandq@msu.edu
Giavani,Borges,gborgesdr@nifty.com
Koral,Mouncher,kmouncherds@google.ca
Daren,Wilce,dwilcedt@weibo.com
Dixie,Gensavage,dgensavagedu@wordpress.org
Read,Sawers,rsawersdv@time.com
Kelcie,Smitheram,ksmitheramdw@google.cn
Janek,Whaley,jwhaleydx@huffingtonpost.com
Fremont,Wandrey,fwandreydy@seattletimes.com
Cody,Sager,csagerdz@yolasite.com
Aleece,MacFayden,amacfaydene0@dailymail.co.uk
Natale,McCaighey,nmccaigheye1@addthis.com
Erik,Plane,eplanee2@msn.com
Packston,Gritsaev,pgritsaeve3@msn.com
Ramonda,Vannet,rvannete4@paypal.com
Aurea,Paulucci,apauluccie5@earthlink.net
Wilmette,Keyzor,wkeyzore6@blog.com
Flossy,Halbord,fhalborde7@csmonitor.com
Gayler,Clyburn,gclyburne8@vkontakte.ru
Jerrylee,Egger,jeggere9@meetup.com
Martyn,Kilban,mkilbanea@soundcloud.com
Latrena,Klesl,lklesleb@dailymail.co.uk
Dalis,Speek,dspeekec@imdb.com
Kerstin,O'Curran,kocurraned@cbc.ca
Micah,Rochford,mrochfordee@constantcontact.com
Allegra,Scholard,ascholardef@sakura.ne.jp
Hilliary,Barnaby,hbarnabyeg@skype.com
Tuck,Romanetti,tromanettieh@ftc.gov
Emeline,Humbey,ehumbeyei@sciencedaily.com
Lurleen,De Gowe,ldegoweej@oracle.com
Darn,Hackey,dhackeyek@cloudflare.com
Cybill,Kerins,ckerinsel@bbc.co.uk
Shermy,Spritt,ssprittem@elpais.com
Pall,Le Grys,plegrysen@cargocollective.com
Celle,Llewellin,cllewellineo@addtoany.com
Dania,Shalloe,dshalloeep@facebook.com
Ann,Cumberland,acumberlandeq@mozilla.org
Beth,Spellacey,bspellaceyer@networkadvertising.org
Maurita,Rollingson,mrollingsones@discuz.net
Trista,Tanguy,ttanguyet@hp.com
Danice,Davidowich,ddavidowicheu@a8.net
Jany,Alcock,jalcockev@cnn.com
Ardelia,Pucker,apuckerew@rediff.com
Reinold,Kellie,rkellieex@archive.org
Jarret,Myott,jmyottey@prweb.com
Pippy,Hirtzmann,phirtzmannez@wikimedia.org
Damien,Skelly,dskellyf0@linkedin.com
Ellary,Hanner,ehannerf1@hostgator.com
Hy,Santora,hsantoraf2@1688.com
Ella,Blackader,eblackaderf3@acquirethisname.com
Katharina,Crebott,kcrebottf4@etsy.com
Galen,Hallgarth,ghallgarthf5@yelp.com
Madalena,Nafzger,mnafzgerf6@infoseek.co.jp
Hesther,Booeln,hbooelnf7@godaddy.com
Benedikt,Le Leu,bleleuf8@fda.gov
Robena,Haston,rhastonf9@canalblog.com
Derward,Dossettor,ddossettorfa@geocities.jp
Base,Hamson,bhamsonfb@diigo.com
Shena,Dunhill,sdunhillfc@youku.com
Anatol,Foan,afoanfd@etsy.com
Tadeas,Taggett,ttaggettfe@behance.net
Julina,Tynewell,jtynewellff@feedburner.com
Fredelia,Willoughey,fwillougheyfg@zimbio.com
Marne,Andres,mandresfh@meetup.com
Ollie,MacDermand,omacdermandfi@i2i.jp
Pepita,Wyant,pwyantfj@berkeley.edu
Constantine,Dullard,cdullardfk@washingtonpost.com
Lorianna,Trenouth,ltrenouthfl@icio.us
Shela,Egerton,segertonfm@issuu.com
Dillie,Rotte,drottefn@about.com
Cathleen,Spelling,cspellingfo@icq.com
Goraud,Jonin,gjoninfp@blogtalkradio.com
Olly,Wortman,owortmanfq@hibu.com
Ebonee,Alfonsetto,ealfonsettofr@berkeley.edu
Dulcie,Hankard,dhankardfs@theguardian.com
Paolo,Joskowicz,pjoskowiczft@amazon.com
Evy,Shortt,eshorttfu@storify.com
Kelcey,Terne,kternefv@hibu.com
Caddric,Dole,cdolefw@flickr.com
Paulita,Breit,pbreitfx@sciencedaily.com
Madelena,Tollit,mtollitfy@nytimes.com
Celle,Gregon,cgregonfz@loc.gov
Donal,Penhaligon,dpenhaligong0@ed.gov
Hermon,Karpets,hkarpetsg1@goodreads.com
Dredi,Crossgrove,dcrossgroveg2@discovery.com
Kurtis,Scholig,kscholigg3@loc.gov
Daveen,Stoll,dstollg4@fda.gov
Barrie,Upson,bupsong5@creativecommons.org
Corrina,Benthall,cbenthallg6@tuttocitta.it
Manda,Stonnell,mstonnellg7@alibaba.com
Wilma,Nissle,wnissleg8@sbwire.com
Nerissa,Elsmore,nelsmoreg9@nbcnews.com
Paolo,Womack,pwomackga@comsenz.com
Julie,Severy,jseverygb@goo.gl
Veronike,Waliszewski,vwaliszewskigc@examiner.com
Gleda,Glauber,gglaubergd@delicious.com
Eal,Paybody,epaybodyge@eepurl.com
Cornelle,Boultwood,cboultwoodgf@fda.gov
Wilek,Lukasen,wlukasengg@wsj.com
Harlan,Parnell,hparnellgh@sina.com.cn
Dionis,Toohey,dtooheygi@cnn.com
Yelena,Bergeon,ybergeongj@microsoft.com
Phoebe,Stebbin,pstebbingk@alibaba.com
Gabriellia,Kielty,gkieltygl@reddit.com
Clarabelle,Diggens,cdiggensgm@jugem.jp
Annie,Valentim,avalentimgn@webmd.com
Siouxie,Hudson,shudsongo@mapquest.com
Lydon,Moiser,lmoisergp@fastcompany.com
Lishe,Frushard,lfrushardgq@wufoo.com
Hank,Cockroft,hcockroftgr@networkadvertising.org
Celestine,Sibbs,csibbsgs@aol.com
Bronson,Crosbie,bcrosbiegt@symantec.com
Saundra,Gresly,sgreslygu@google.com.br
Paddy,Justham,pjusthamgv@cisco.com
Garrott,McRoberts,gmcrobertsgw@umn.edu
Mahmoud,Askey,maskeygx@hc360.com
Carolyne,Paolinelli,cpaolinelligy@mtv.com
Waldemar,Trembey,wtrembeygz@skyrock.com
Mikey,Willcox,mwillcoxh0@myspace.com
Frazier,Cool,fcoolh1@ameblo.jp
Leighton,Mogenot,lmogenoth2@marriott.com
Karoly,Corden,kcordenh3@google.fr
Gene,Dawidowitz,gdawidowitzh4@google.com.br
Nikita,Paxforde,npaxfordeh5@biblegateway.com
Juanita,Longdon,jlongdonh6@cargocollective.com
Freeland,Rendle,frendleh7@moonfruit.com
Reyna,Hookes,rhookesh8@gizmodo.com
Matilda,Zieme,mziemeh9@zimbio.com
Vicki,Barkly,vbarklyha@unblog.fr
Robin,Dayborne,rdaybornehb@reference.com
Zacharie,MacLise,zmaclisehc@ning.com
Lida,Fry,lfryhd@businesswire.com
Nicholas,Climpson,nclimpsonhe@storify.com
Fredi,Caen,fcaenhf@pen.io
Ada,Underdown,aunderdownhg@ycombinator.com
Aubrey,Leopold,aleopoldhh@columbia.edu
Josie,Hollington,jhollingtonhi@twitter.com
Roddie,Stearndale,rstearndalehj@gizmodo.com
Gert,Allchin,gallchinhk@slideshare.net
Dal,Howden,dhowdenhl@shop-pro.jp
Nathanil,Arsnell,narsnellhm@amazonaws.com
Frederigo,Brinded,fbrindedhn@google.fr
Ellary,Stearn,estearnho@elpais.com
Kerry,Perchard,kperchardhp@ifeng.com
Ozzy,Bramwich,obramwichhq@live.com
Fergus,Enrico,fenricohr@behance.net
Michel,Van Salzberger,mvansalzbergerhs@moonfruit.com
Tressa,Askin,taskinht@mysql.com
Bernelle,Courtier,bcourtierhu@twitter.com
Everard,Martine,emartinehv@pen.io
Johanna,Djurisic,jdjurisichw@disqus.com
Nerta,Monelli,nmonellihx@tmall.com
Myrilla,Meineck,mmeineckhy@bloglines.com
Westley,Rubinfeld,wrubinfeldhz@patch.com
Cathi,Chaffen,cchaffeni0@vk.com
Barbi,Jirzik,bjirziki1@utexas.edu
Albertine,Sheach,asheachi2@opera.com
Tim,Miell,tmielli3@flickr.com
Adrianna,Heister,aheisteri4@wikia.com
Osbert,Pes,opesi5@de.vu
Bamby,Hattersley,bhattersleyi6@livejournal.com
Gib,Probbin,gprobbini7@blogspot.com
Emmeline,Sawart,esawarti8@chicagotribune.com
Yves,Langer,ylangeri9@ifeng.com
Lucie,Shoard,lshoardia@telegraph.co.uk
Orella,Wozencraft,owozencraftib@washington.edu
Myriam,Garn,mgarnic@ocn.ne.jp
Lorilee,Dymond,ldymondid@msn.com
Billie,Dumblton,bdumbltonie@ask.com
Veronika,Jeune,vjeuneif@1und1.de
Any,Snawdon,asnawdonig@elegantthemes.com
Kelbee,Greder,kgrederih@nationalgeographic.com
Kris,Norcross,knorcrossii@newyorker.com
Tadd,Wray,twrayij@printfriendly.com
Katherina,Aronsohn,karonsohnik@vistaprint.com
Adey,Lorkings,alorkingsil@disqus.com
Sarine,Fylan,sfylanim@netlog.com
Virgie,Braisher,vbraisherin@google.de
Kendra,Ind,kindio@google.co.jp
Matthiew,Dewer,mdewerip@jalbum.net
Tamma,Mingardi,tmingardiiq@seesaa.net
Bernie,Naismith,bnaismithir@stumbleupon.com
Niccolo,La Vigne,nlavigneis@home.pl
Ivie,Gors,igorsit@answers.com
Yoshiko,Hawe,yhaweiu@dell.com
Baird,Trenholm,btrenholmiv@washingtonpost.com
Ettore,Postance,epostanceiw@home.pl
Helyn,Hollidge,hhollidgeix@theatlantic.com
Raddie,Rainbird,rrainbirdiy@washington.edu
Merrill,Maron,mmaroniz@ft.com
Oralia,Delort,odelortj0@ted.com
Theodor,Willavize,twillavizej1@who.int
Jeannine,Worsnap,jworsnapj2@netlog.com
Wenonah,Pitford,wpitfordj3@i2i.jp
Dene,Girardetti,dgirardettij4@twitter.com
Aurelie,Crace,acracej5@vimeo.com
Stacia,Spurdens,sspurdensj6@a8.net
Pen,Warnock,pwarnockj7@mapquest.com
Moyra,Porritt,mporrittj8@princeton.edu
Lewie,Jolley,ljolleyj9@alexa.com
Kip,Brende,kbrendeja@opera.com
Coletta,Paolozzi,cpaolozzijb@xrea.com
Ardelia,Robel,arobeljc@usgs.gov
Gregg,Eagger,geaggerjd@go.com
Shalne,Hills,shillsje@fda.gov
Fiona,Humby,fhumbyjf@cnet.com
Letizia,Pitchford,lpitchfordjg@bravesites.com
Smitty,Matterface,smatterfacejh@friendfeed.com
Udale,Heinecke,uheineckeji@ifeng.com
Tybi,Zucker,tzuckerjj@wikimedia.org
Winnie,Estrella,westrellajk@phpbb.com
Moritz,Scroyton,mscroytonjl@npr.org
Antin,Marney,amarneyjm@wikia.com
Berenice,Horsburgh,bhorsburghjn@exblog.jp
Tam,Swadlen,tswadlenjo@globo.com
Camila,Roddick,croddickjp@hatena.ne.jp
Clem,Kingswood,ckingswoodjq@globo.com
Fiorenze,Adamczewski,fadamczewskijr@mysql.com
Trent,Szymaniak,tszymaniakjs@patch.com
Catrina,Ilbert,cilbertjt@dailymotion.com
Selina,Labrum,slabrumju@unicef.org
Karalynn,Jensen,kjensenjv@unicef.org
Rodney,Twelve,rtwelvejw@abc.net.au
Tabby,Kusick,tkusickjx@scientificamerican.com
Georg,Geator,ggeatorjy@npr.org
Teddie,Antcliff,tantcliffjz@hexun.com
Hillier,Pennington,hpenningtonk0@i2i.jp
Travus,Duferie,tduferiek1@google.com.br
Vic,Ilsley,vilsleyk2@t-online.de
Nady,Miguet,nmiguetk3@phoca.cz
Ax,Symon,asymonk4@jimdo.com
Hewe,Bullier,hbullierk5@i2i.jp
Frazer,Bearcock,fbearcockk6@shinystat.com
Christel,Paul,cpaulk7@theatlantic.com
Maribelle,Larrat,mlarratk8@theglobeandmail.com
Evelyn,Hallan,ehallank9@nytimes.com
Cad,Tregidga,ctregidgaka@ehow.com
Melony,Scurman,mscurmankb@pinterest.com
Avrit,Skippings,askippingskc@dyndns.org
Riva,Marjanski,rmarjanskikd@mit.edu
Tobe,Vasnev,tvasnevke@sbwire.com
Arron,Rothschild,arothschildkf@ucsd.edu
Jordana,Tant,jtantkg@pagesperso-orange.fr
Sherie,Fitzroy,sfitzroykh@usa.gov
Lonni,Huxster,lhuxsterki@dot.gov
Bruce,Commings,bcommingskj@whitehouse.gov
Damon,Dalla,ddallakk@reddit.com
Kristoforo,Fosdike,kfosdikekl@noaa.gov
Karly,Woolfenden,kwoolfendenkm@businesswire.com
Dannye,Laise,dlaisekn@google.co.uk
Jania,MacNab,jmacnabko@quantcast.com
Aguistin,Curbishley,acurbishleykp@google.com.hk
Corella,Cosans,ccosanskq@adobe.com
Kellia,Risbie,krisbiekr@auda.org.au
Danette,Nettles,dnettlesks@instagram.com
Wald,Eastment,weastmentkt@wufoo.com
Arman,Troillet,atroilletku@desdev.cn
Vallie,Whorlton,vwhorltonkv@sakura.ne.jp
Carine,McGookin,cmcgookinkw@webs.com
Constanta,Chittim,cchittimkx@wix.com
Carce,Malinowski,cmalinowskiky@meetup.com
Joanna,Daysh,jdayshkz@google.cn
Enoch,Michieli,emichielil0@walmart.com
Godfrey,Bangs,gbangsl1@goodreads.com
Pammy,Verduin,pverduinl2@is.gd
Violante,Tompkin,vtompkinl3@canalblog.com
Dev,Wincer,dwincerl4@goo.gl
Meredeth,Guare,mguarel5@theatlantic.com
Celina,Maffezzoli,cmaffezzolil6@symantec.com
Sky,Janz,sjanzl7@nih.gov
Aileen,Bouldstridge,abouldstridgel8@taobao.com
Cinnamon,Somerville,csomervillel9@walmart.com
Juliana,Huffer,jhufferla@cdc.gov
Rey,Emanulsson,remanulssonlb@webnode.com
Arlina,Jessen,ajessenlc@msn.com
Cal,Dumbreck,cdumbreckld@mysql.com
Larry,Melior,lmeliorle@youtu.be
Randie,Smerdon,rsmerdonlf@kickstarter.com
Carolina,Leyson,cleysonlg@printfriendly.com
Marigold,Bisterfeld,mbisterfeldlh@ebay.com
Jorgan,Scarffe,jscarffeli@youku.com
Mella,Spowage,mspowagelj@mayoclinic.com
Gail,Snadden,gsnaddenlk@mayoclinic.com
Ellswerth,Basil,ebasilll@alexa.com
Broddie,Bendig,bbendiglm@columbia.edu
Sergio,Cauldfield,scauldfieldln@weibo.com
Sig,Oneal,soneallo@is.gd
Gayleen,Matt,gmattlp@alibaba.com
Shermie,Petkens,spetkenslq@yale.edu
Jeniece,Wiburn,jwiburnlr@addthis.com
Lauree,Sandars,lsandarsls@wordpress.com
Norine,Maryska,nmaryskalt@oracle.com
Gayle,Braycotton,gbraycottonlu@pen.io
Kent,Heers,kheerslv@devhub.com
Monty,Garnul,mgarnullw@blogger.com
Benton,Dobbins,bdobbinslx@tuttocitta.it
Granthem,Wallett,gwallettly@goo.ne.jp
Myrvyn,Carlan,mcarlanlz@example.com
Savina,Roja,srojam0@techcrunch.com
Casar,Stoyell,cstoyellm1@usnews.com
Jodee,Trowl,jtrowlm2@va.gov
Rich,Penkman,rpenkmanm3@about.me
Kendrick,Madders,kmaddersm4@addthis.com
Dusty,Fincke,dfinckem5@archive.org
Giacopo,Amos,gamosm6@youku.com
Jessika,Challen,jchallenm7@csmonitor.com
Porter,Zavattieri,pzavattierim8@bing.com
Roger,Gandrich,rgandrichm9@canalblog.com
Camala,Ciobutaro,cciobutaroma@surveymonkey.com
Eliot,Giacaponi,egiacaponimb@dailymail.co.uk
Lydia,Guerrero,lguerreromc@latimes.com
Gabriello,Pettiward,gpettiwardmd@google.ru
Benedetto,Linton,blintonme@home.pl
Tandy,Gigg,tgiggmf@buzzfeed.com
Ellynn,Goodlip,egoodlipmg@tripod.com
Percival,Newlin,pnewlinmh@msn.com
Kelly,Wasteney,kwasteneymi@moonfruit.com
Scott,McClements,smcclementsmj@cyberchimps.com
Oralie,Balint,obalintmk@jimdo.com
Helene,Perrinchief,hperrinchiefml@so-net.ne.jp
Humberto,Jacobs,hjacobsmm@themeforest.net
Laina,Shackell,lshackellmn@desdev.cn
Adam,Downham,adownhammo@cbslocal.com
Megan,Janaszewski,mjanaszewskimp@godaddy.com
Liv,Demicoli,ldemicolimq@cnbc.com
Madonna,Indgs,mindgsmr@netvibes.com
Blaine,Foxten,bfoxtenms@tripod.com
Serene,Facey,sfaceymt@cornell.edu
Karlyn,Krout,kkroutmu@facebook.com
Heather,Rosterne,hrosternemv@foxnews.com
Rubia,Kensley,rkensleymw@clickbank.net
Kassandra,Folling,kfollingmx@uiuc.edu
Kendall,Kaine,kkainemy@discuz.net
Nelia,Dickie,ndickiemz@yahoo.co.jp
Maura,Edling,medlingn0@slideshare.net
Jodi,Couper,jcoupern1@goo.gl
Georgine,Omar,gomarn2@forbes.com
Steffie,Boldt,sboldtn3@washingtonpost.com
Janeen,Dommersen,jdommersenn4@cmu.edu
Woody,Smithson,wsmithsonn5@time.com
Ebba,Cradduck,ecradduckn6@homestead.com
Milo,McQuillan,mmcquillann7@timesonline.co.uk
Ruthanne,Wait,rwaitn8@discuz.net
Roxane,Giddings,rgiddingsn9@twitpic.com
Darcee,Rupprecht,drupprechtna@goodreads.com
Elmer,McIlmorow,emcilmorownb@gizmodo.com
Hodge,Irnys,hirnysnc@networkadvertising.org
Giorgi,Cawdron,gcawdronnd@apple.com
Daria,Quaife,dquaifene@narod.ru
Kingston,Remmer,kremmernf@symantec.com
Brien,Woodwin,bwoodwinng@joomla.org
Maire,Byrd,mbyrdnh@sakura.ne.jp
Ashlen,Idale,aidaleni@wufoo.com
Chelsey,Kimbrey,ckimbreynj@instagram.com
Kassi,Deboick,kdeboicknk@devhub.com
Vanessa,Meikle,vmeiklenl@wikia.com
Marven,Longfield,mlongfieldnm@china.com.cn
Dieter,Elies,deliesnn@nature.com
Fonz,Eates,featesno@dropbox.com
Alexa,Cohrs,acohrsnp@hostgator.com
Lurline,Rizzolo,lrizzolonq@hibu.com
Carlen,Harmstone,charmstonenr@sakura.ne.jp
Filia,McWhan,fmcwhanns@cnbc.com
Irita,Lindner,ilindnernt@photobucket.com
Micky,Precious,mpreciousnu@cnn.com
Elianore,Le - Count,elecountnv@fc2.com
Martie,Makiver,mmakivernw@slideshare.net
Noel,Cote,ncotenx@archive.org
Jacintha,Probyn,jprobynny@tripadvisor.com
Erskine,Surtees,esurteesnz@hatena.ne.jp
Joyann,Adamiak,jadamiako0@163.com
Stefano,Bostick,sbosticko1@list-manage.com
Jocelyne,Croad,jcroado2@alibaba.com
Inigo,Caramuscia,icaramusciao3@amazon.co.jp
Marion,Gluyas,mgluyaso4@privacy.gov.au
Boony,Foley,bfoleyo5@godaddy.com
Sigrid,Leet,sleeto6@nature.com
Justina,Madden,jmaddeno7@apple.com
Pooh,Beining,pbeiningo8@linkedin.com
Pierce,Sammut,psammuto9@php.net
Paquito,Kaindl,pkaindloa@ox.ac.uk
Bathsheba,Sparshett,bsparshettob@senate.gov
Zed,Walch,zwalchoc@imgur.com
Rodrique,Shafe,rshafeod@merriam-webster.com
Bevin,Burndred,bburndredoe@washingtonpost.com
Davis,Aprahamian,daprahamianof@princeton.edu
Meagan,Lochrie,mlochrieog@scientificamerican.com
Carlynn,Rubenov,crubenovoh@simplemachines.org
Rosalinde,Mattimoe,rmattimoeoi@weebly.com
Gregoire,Brodway,gbrodwayoj@xrea.com
Grata,Olivetta,golivettaok@mozilla.com
Davide,Dow,ddowol@berkeley.edu
Locke,Kenny,lkennyom@nydailynews.com
Vi,Trowel,vtrowelon@wikispaces.com
Morgana,Potkin,mpotkinoo@deliciousdays.com
Rriocard,Leverentz,rleverentzop@cbsnews.com
Johannah,Breukelman,jbreukelmanoq@netvibes.com
Harriott,Kleynen,hkleynenor@cyberchimps.com
Torrie,Revie,trevieos@wunderground.com
Nettie,Caughey,ncaugheyot@si.edu
Rice,Fluin,rfluinou@nbcnews.com
Kania,Calcott,kcalcottov@skyrock.com
Alyse,Tompion,atompionow@yahoo.co.jp
Delora,Seiler,dseilerox@senate.gov
Frannie,Nazaret,fnazaretoy@google.pl
Rey,Eley,releyoz@ovh.net
Cacilie,Browning,cbrowningp0@cpanel.net
Adda,Durbridge,adurbridgep1@yahoo.com
Ettore,Beaves,ebeavesp2@hostgator.com
Thalia,Daughtery,tdaughteryp3@sogou.com
Donny,Noirel,dnoirelp4@latimes.com
Tiffy,Riggs,triggsp5@auda.org.au
Wilhelmina,Henderson,whendersonp6@mit.edu
Melitta,Dehmel,mdehmelp7@so-net.ne.jp
Florance,Dorning,fdorningp8@java.com
Verge,Cicconetti,vcicconettip9@feedburner.com
Mel,Romera,mromerapa@tmall.com
Cleopatra,Eisak,ceisakpb@reddit.com
Una,Logue,uloguepc@soundcloud.com
Leonanie,McCulley,lmcculleypd@ocn.ne.jp
Nathanial,Covet,ncovetpe@constantcontact.com
Maryanna,Sweedy,msweedypf@surveymonkey.com
Blythe,Seide,bseidepg@live.com
Jessa,Renfrew,jrenfrewph@prlog.org
Davidson,Stark,dstarkpi@scientificamerican.com
Lurette,Keays,lkeayspj@wunderground.com
Montgomery,Sutherns,msuthernspk@w3.org
Pammie,Callendar,pcallendarpl@boston.com
Aurelea,McBoyle,amcboylepm@icq.com
Rachel,Bruckman,rbruckmanpn@yahoo.com
Allissa,Grundon,agrundonpo@weebly.com
Killy,Ingledow,kingledowpp@woothemes.com
Ainsley,Mack,amackpq@vkontakte.ru
Esta,McCue,emccuepr@flickr.com
Beverie,Scroyton,bscroytonps@cbc.ca
Paddy,Della,pdellapt@goodreads.com
Archaimbaud,Matus,amatuspu@blogspot.com
Zeb,Ickovici,zickovicipv@tripadvisor.com
Dona,Burbank,dburbankpw@businessweek.com
Sukey,Bruins,sbruinspx@biglobe.ne.jp
Clemmie,Morrall,cmorrallpy@github.com
Mollee,Ivankov,mivankovpz@hugedomains.com
Jaquelin,De Maine,jdemaineq0@istockphoto.com
Reube,Bradburn,rbradburnq1@imgur.com
Dacy,Gerardi,dgerardiq2@lycos.com
Gabriela,Puckrin,gpuckrinq3@skyrock.com
Allyn,Tedder,atedderq4@nature.com
Eolande,Oslar,eoslarq5@mayoclinic.com
Nessie,Slowley,nslowleyq6@state.gov
Barty,Storkes,bstorkesq7@ed.gov
Loralee,Sturridge,lsturridgeq8@wunderground.com
Merv,Roots,mrootsq9@smugmug.com
Caro,Masterton,cmastertonqa@imgur.com
Broddy,Sollom,bsollomqb@eepurl.com
Gabbi,Selliman,gsellimanqc@meetup.com
Emma,Cossans,ecossansqd@rakuten.co.jp
Samantha,Pagon,spagonqe@virginia.edu
Evered,Sprott,esprottqf@samsung.com
Charisse,Towl,ctowlqg@businesswire.com
Sallyanne,Stagge,sstaggeqh@psu.edu
Arnuad,Laite,alaiteqi@cocolog-nifty.com
Cristine,MacKeeg,cmackeegqj@hao123.com
Fernande,Briamo,fbriamoqk@techcrunch.com
Dredi,Heustace,dheustaceql@java.com
Aube,Errigo,aerrigoqm@phpbb.com
Fern,Myall,fmyallqn@godaddy.com
Syd,Pulley,spulleyqo@elegantthemes.com
Goldie,Versey,gverseyqp@dagondesign.com
Wilmar,Pattison,wpattisonqq@diigo.com
Emma,Wixey,ewixeyqr@nymag.com
Karney,Wattingham,kwattinghamqs@yellowbook.com
Stevy,Benet,sbenetqt@comsenz.com
Alla,Tricker,atrickerqu@springer.com
Fitzgerald,Miklem,fmiklemqv@github.io
Abeu,Olyonov,aolyonovqw@technorati.com
Major,O'Hanley,mohanleyqx@latimes.com
Karolina,Rapson,krapsonqy@nasa.gov
Sonia,Deer,sdeerqz@elegantthemes.com
Tim,Cade,tcader0@hatena.ne.jp
Charmain,Knyvett,cknyvettr1@adobe.com
Angel,Blagburn,ablagburnr2@cbslocal.com
Rosalinda,Cuddihy,rcuddihyr3@bluehost.com
Lurleen,Hincham,lhinchamr4@yandex.ru
Morly,Aime,maimer5@jiathis.com
Anna-maria,Friatt,afriattr6@ca.gov
Paloma,Stodit,pstoditr7@reference.com
Lucais,Tomblett,ltomblettr8@cyberchimps.com
Thorin,Bettanay,tbettanayr9@altervista.org
Peder,Valentetti,pvalentettira@canalblog.com
Nappy,Eldred,neldredrb@adobe.com
Bridgette,Klimentyonok,bklimentyonokrc@vistaprint.com
Cherey,Hapgood,chapgoodrd@wikia.com
Tana,Cosker,tcoskerre@washingtonpost.com
Fitzgerald,Boarer,fboarerrf@google.pl
Karyl,Matteacci,kmatteaccirg@live.com
Erwin,McDonand,emcdonandrh@netlog.com
Randall,Norvill,rnorvillri@netvibes.com
Vin,Boulds,vbouldsrj@cocolog-nifty.com
Cale,Spancock,cspancockrk@timesonline.co.uk
Gilberta,Dugood,gdugoodrl@nps.gov
Jon,Summerfield,jsummerfieldrm@exblog.jp
Kellby,Simonsson,ksimonssonrn@omniture.com
Shepard,Spencock,sspencockro@hhs.gov
Ashton,Torricina,atorricinarp@google.ca
Hyacinthie,Lowen,hlowenrq@over-blog.com
Burt,Prott,bprottrr@goodreads.com
